museum,title,raw_text,year,period,url
Pushkin Museum,Беатриса Сандомирская. 1894–1974,Беатриса Сандомирская. 1894–1974 07 апреля – 21 июня 2026,2026,post_2022,https://pushkinmuseum.art/events/archive/2026/exhibitions/beatrissa_sandomirskaya/index.php?lang=ru
Pushkin Museum,Медали Ефима Харабета. Новое поступление в собрание отдела нумизматики ГМИИ им. А.С. Пушкина,Медали Ефима Харабета. Новое поступление в собрание отдела нумизматики ГМИИ им. А.С. Пушкина 24 марта – 31 мая 2026,2026,post_2022,https://pushkinmuseum.art/events/archive/2026/exhibitions/medali_efima_harabeta._novoe_postuplenie_v_sobranie_otdela_numizmatiki_gmii_im._a.s._pushkina/index.php?lang=ru
Pushkin Museum,«Московский Витрувий» в ГМИИ им. А.С. Пушкина,«Московский Витрувий» в ГМИИ им. А.С. Пушкина 27 января – 31 мая 2026,2026,post_2022,https://pushkinmuseum.art/events/archive/2026/exhibitions/moscow_vitruvius/index.php?lang=ru
Pushkin Museum,Немолчный напев. К 100-летию со дня рождения Александры Лукашевкер. Вышивки из фондов ГМИИ им. А.С. Пушкина,Немолчный напев. К 100-летию со дня рождения Александры Лукашевкер. Вышивки из фондов ГМИИ им. А.С. Пушкина 20 января – 22 марта 2026,2026,post_2022,https://pushkinmuseum.art/events/archive/2026/exhibitions/lukashevker/index.php?lang=ru
Pushkin Museum,Прекрасные чудовища,Прекрасные чудовища 16 декабря 2025 – 01 марта 2026,2026,post_2022,https://pushkinmuseum.art/events/archive/2025/exhibitions/beautiful_monsters/index.php?lang=ru
Pushkin Museum,Марк Шагал. Радость земного притяжения,Марк Шагал. Радость земного притяжения 11 декабря 2025 – 15 марта 2026,2026,post_2022,https://pushkinmuseum.art/events/archive/2025/exhibitions/marc_chagall/index.php?lang=ru
Pushkin Museum,Августейшие. Куклы,Августейшие. Куклы 02 декабря 2025 – 09 марта 2026,2026,post_2022,https://pushkinmuseum.art/events/archive/2025/exhibitions/dolls/index.php?lang=ru
Pushkin Museum,Пантикапей. Из прошлого в будущее. 80 лет Боспорской (Пантикапейской) археологической экспедиции ГМИИ им. А.С. Пушкина,Пантикапей. Из прошлого в будущее. 80 лет Боспорской (Пантикапейской) археологической экспедиции ГМИИ им. А.С. Пушкина 16 ноября 2025 – 01 марта 2026,2026,post_2022,https://pushkinmuseum.art/events/archive/2025/exhibitions/pantikapeion/index.php?lang=ru
Pushkin Museum,От рассвета до заката: византийские монеты из коллекции Г.А. Щетинина,От рассвета до заката: византийские монеты из коллекции Г.А. Щетинина 11 ноября 2025 – 18 января 2026,2026,post_2022,https://pushkinmuseum.art/events/archive/2025/exhibitions/byzantine_coins/index.php?lang=ru
Pushkin Museum,Благороднейшие из тканей. Западноевропейские шпалеры XVI–XVIII веков,Благороднейшие из тканей. Западноевропейские шпалеры XVI–XVIII веков 30 сентября – 04 ноября 2025,2025,post_2022,https://pushkinmuseum.art/events/archive/2025/exhibitions/european_tapestry/index.php?lang=ru
Pushkin Museum,Выбор Марины Бессоновой,Выбор Марины Бессоновой 23 сентября 2025 – 01 февраля 2026,2026,post_2022,https://pushkinmuseum.art/events/archive/2025/exhibitions/marina_bessonova/index.php?lang=ru
Pushkin Museum,"Рисунок Гверчино «Иаков, благословляющий сыновей Иосифа»","Рисунок Гверчино «Иаков, благословляющий сыновей Иосифа» 16 сентября – 19 октября 2025",2025,post_2022,https://pushkinmuseum.art/events/archive/2025/exhibitions/guercino_jacob/index.php?lang=ru
Pushkin Museum,Курс на Север,Курс на Север 28 августа – 19 октября 2025,2025,post_2022,https://pushkinmuseum.art/events/archive/2025/exhibitions/north/index.php?lang=ru
Pushkin Museum,Новые шедевры Пушкинского. Выставка одного произведения,Новые шедевры Пушкинского. Выставка одного произведения 08 июля – 14 сентября 2025,2025,post_2022,https://pushkinmuseum.art/events/archive/2025/exhibitions/new_masterpieces/index.php?lang=ru
Pushkin Museum,Не только Брейгель. Нидерландская гравюра XVI века из собраний Москвы и Санкт-Петербурга,Не только Брейгель. Нидерландская гравюра XVI века из собраний Москвы и Санкт-Петербурга 01 июля – 09 ноября 2025,2025,post_2022,https://pushkinmuseum.art/events/archive/2025/exhibitions/notonlybreugel/index.php?lang=ru
Pushkin Museum,Подвиг музея. к 80-летию Победы в Великой Отечественной войне,Подвиг музея. к 80-летию Победы в Великой Отечественной войне 24 апреля – 07 сентября 2025,2025,post_2022,https://pushkinmuseum.art/events/archive/2025/exhibitions/museum_act_of_bravery/index.php?lang=ru
Pushkin Museum,Французский рисунок. первой половины — середины XIX века из собрания ГМИИ им. А.С. Пушкина,Французский рисунок. первой половины — середины XIX века из собрания ГМИИ им. А.С. Пушкина 08 апреля – 10 августа 2025,2025,post_2022,https://pushkinmuseum.art/events/archive/2025/exhibitions/french_drawing/index.php?lang=ru
Pushkin Museum,Сокровищница графики. Гравюрный кабинет в первой четверти XX века,Сокровищница графики. Гравюрный кабинет в первой четверти XX века 18 марта – 15 июня 2025,2025,post_2022,https://pushkinmuseum.art/events/archive/2025/exhibitions/graphics/index.php?lang=ru
Pushkin Museum,К 100-летию Картинной галереи ГМИИ им. А.С. Пушкина,К 100-летию Картинной галереи ГМИИ им. А.С. Пушкина 11 марта – 06 июля 2025,2025,post_2022,https://pushkinmuseum.art/events/archive/2025/exhibitions/gallery100/index.php?lang=ru
Pushkin Museum,Возвращение воина. Уникальная италийская фреска IV века до н.э. из собрания Воронежского областного художественного музея имени И.Н Крамского,Возвращение воина. Уникальная италийская фреска IV века до н.э. из собрания Воронежского областного художественного музея имени И.Н Крамского 04 февраля – 30 марта 2025,2025,post_2022,https://pushkinmuseum.art/events/archive/2025/exhibitions/return_of_a_warrior/index.php?lang=ru
Pushkin Museum,Неизвестный Щукин. Не только новое искусство,Неизвестный Щукин. Не только новое искусство 26 ноября 2024 – 16 марта 2025,2025,post_2022,https://pushkinmuseum.art/events/archive/2024/exhibitions/shchukin/index.php?lang=ru
Pushkin Museum,Вокруг Кармен,Вокруг Кармен 21 ноября 2024 – 22 февраля 2025,2025,post_2022,https://pushkinmuseum.art/events/archive/2024/exhibitions/carmen/index.php?lang=ru
Pushkin Museum,От слепка до пикселя. Искусство через призму данных,От слепка до пикселя. Искусство через призму данных 20 ноября 2024 – 09 февраля 2025,2025,post_2022,https://pushkinmuseum.art/events/archive/2024/exhibitions/cast_to_pixel/index.php?lang=ru
Pushkin Museum,Встреча двух шедевров Фрагонара,Встреча двух шедевров Фрагонара 29 октября 2024 – 02 февраля 2025,2025,post_2022,https://pushkinmuseum.art/events/archive/2024/exhibitions/fragonard/index.php?lang=ru
Pushkin Museum,Загадки Пиковой Дамы. Фамильная галерея князей Голицыных в миниатюре,Загадки Пиковой Дамы. Фамильная галерея князей Голицыных в миниатюре 22 октября 2024 – 09 марта 2025,2025,post_2022,https://pushkinmuseum.art/events/archive/2024/exhibitions/queen/index.php?lang=ru
Pushkin Museum,Франс Снейдерс и фламандский натюрморт XVII века. Картины и рисунки из музеев и частных собраний России,Франс Снейдерс и фламандский натюрморт XVII века. Картины и рисунки из музеев и частных собраний России 08 октября 2024 – 26 января 2025,2025,post_2022,https://pushkinmuseum.art/events/archive/2024/exhibitions/snyders/index.php?lang=ru
Pushkin Museum,Подруги. К юбилею Варвары Степановой,Подруги. К юбилею Варвары Степановой 23 июля – 20 октября 2024,2024,post_2022,https://pushkinmuseum.art/events/archive/2024/exhibitions/stepanova/index.php?lang=ru
Pushkin Museum,Три времени Рима. Античность. Возрождение. Барокко,Три времени Рима. Античность. Возрождение. Барокко 18 июня – 15 сентября 2024,2024,post_2022,https://pushkinmuseum.art/events/archive/2024/exhibitions/rome/index.php?lang=ru
Pushkin Museum,VITA NOVA. Двадцать лет восстановления античных терракот в ГМИИ им. А.С. Пушкина (2004–2024),VITA NOVA. Двадцать лет восстановления античных терракот в ГМИИ им. А.С. Пушкина (2004–2024) 04 июня – 20 октября 2024,2024,post_2022,https://pushkinmuseum.art/events/archive/2024/exhibitions/vitanova/index.php?lang=ru
Pushkin Museum,Живой портрет... Волос в волос. Механическое рисование,Живой портрет... Волос в волос. Механическое рисование 28 мая – 25 августа 2024,2024,post_2022,https://pushkinmuseum.art/events/archive/2024/exhibitions/physionotrace/index.php?lang=ru
Pushkin Museum,Границы сновидений,Границы сновидений 03 апреля – 02 июня 2024,2024,post_2022,https://pushkinmuseum.art/events/archive/2024/exhibitions/dreamlimits/index.php?lang=ru
Pushkin Museum,От цвета к свету. К 100-летию со дня рождения Владимира Вейсберга,От цвета к свету. К 100-летию со дня рождения Владимира Вейсберга 26 марта – 30 июня 2024,2024,post_2022,https://pushkinmuseum.art/events/archive/2024/exhibitions/weisberg/index.php?lang=ru
Pushkin Museum,Анна и Теофил. Памяти родителей Святослава Рихтера,Анна и Теофил. Памяти родителей Святослава Рихтера 20 марта – 23 июня 2024,2024,post_2022,https://pushkinmuseum.art/events/archive/2024/exhibitions/family/index.php?lang=ru
Pushkin Museum,"Цветы, плоды, музыкальные инструменты в итальянской живописи эпохи барокко","Цветы, плоды, музыкальные инструменты в итальянской живописи эпохи барокко 05 марта – 26 мая 2024",2024,post_2022,https://pushkinmuseum.art/events/archive/2024/exhibitions/baroque/index.php?lang=ru
Pushkin Museum,Николай Тырса смотрит на Матисса,Николай Тырса смотрит на Матисса 27 февраля – 02 июня 2024,2024,post_2022,https://pushkinmuseum.art/events/archive/2024/exhibitions/tyrsa/index.php?lang=ru
Pushkin Museum,«Руанские соборы». Исследование картин Клода Моне из собрания ГМИИ им. А.С. Пушкина,«Руанские соборы». Исследование картин Клода Моне из собрания ГМИИ им. А.С. Пушкина 30 января – 10 марта 2024,2024,post_2022,https://pushkinmuseum.art/events/archive/2024/exhibitions/rouen/index.php?lang=ru
Pushkin Museum,Кабинет редкостей. Сакральное пространство художника. Мастерская Дмитрия Краснопевцева,Кабинет редкостей. Сакральное пространство художника. Мастерская Дмитрия Краснопевцева 26 декабря 2023 – 25 февраля 2024,2024,post_2022,https://pushkinmuseum.art/events/archive/2023/exhibitions/curiosities_4/index.php?lang=ru
Pushkin Museum,Ложное пробуждение,Ложное пробуждение 20 декабря 2023 – 25 февраля 2024,2024,post_2022,https://pushkinmuseum.art/events/archive/2023/exhibitions/falseawakening/index.php?lang=ru
Pushkin Museum,Названо Вазари. Маньеризм. Работы старых мастеров из собрания Пушкинского музея и современное искусство,Названо Вазари. Маньеризм. Работы старых мастеров из собрания Пушкинского музея и современное искусство 24 ноября 2023 – 24 марта 2024,2024,post_2022,https://pushkinmuseum.art/events/archive/2023/exhibitions/vasari/index.php?lang=ru
Pushkin Museum,Кабинет редкостей. Медичи навсегда. Памятники флорентийской сфрагистики и нумизматики XVI–XVIII веков,Кабинет редкостей. Медичи навсегда. Памятники флорентийской сфрагистики и нумизматики XVI–XVIII веков 21 ноября – 24 декабря 2023,2023,post_2022,https://pushkinmuseum.art/events/archive/2023/exhibitions/medici/index.php?lang=ru
Pushkin Museum,Выставка «Читаю-рисую» изостудии под руководством Натальи Леонидовны Золотовой,Выставка «Читаю-рисую» изостудии под руководством Натальи Леонидовны Золотовой 18 ноября – 08 декабря 2023,2023,post_2022,https://pushkinmuseum.art/events/archive/2023/museyon/readanddraw.php?lang=ru
Pushkin Museum,Образы Испании. Русское искусство XIX–XXI веков,Образы Испании. Русское искусство XIX–XXI веков 14 ноября 2023 – 04 февраля 2024,2024,post_2022,https://pushkinmuseum.art/events/archive/2023/exhibitions/spanish/index.php?lang=ru
Pushkin Museum,Испанская коллекция. Из собраний российских музеев,Испанская коллекция. Из собраний российских музеев 08 ноября 2023 – 04 февраля 2024,2024,post_2022,https://pushkinmuseum.art/events/archive/2023/exhibitions/spain/index.php?lang=ru
Pushkin Museum,Царство Урарту. Наследие древней Армении. Урашту – Харминуя – Армина,Царство Урарту. Наследие древней Армении. Урашту – Харминуя – Армина 31 октября 2023 – 28 января 2024,2024,post_2022,https://pushkinmuseum.art/events/archive/2023/exhibitions/urartu/index.php?lang=ru
Pushkin Museum,Музейная история. Март 1948,Музейная история. Март 1948 17 октября – 19 ноября 2023,2023,post_2022,https://pushkinmuseum.art/events/archive/2023/exhibitions/march/index.php?lang=ru
Pushkin Museum,Кабинет редкостей. Свидетели великих перемен. Монеты и медали Италии XV-XVI веков,Кабинет редкостей. Свидетели великих перемен. Монеты и медали Италии XV-XVI веков 29 августа – 15 октября 2023,2023,post_2022,https://pushkinmuseum.art/events/archive/2023/exhibitions/curiosities/index.php?lang=ru
Pushkin Museum,Хрупкий мир коллекционеров Лемкуль,Хрупкий мир коллекционеров Лемкуль 14 МАР - 27 АВГ 2023,2023,post_2022,https://pushkinmuseum.art/events/archive/2023/exhibitions/glass/index.php?lang=ru
Pushkin Museum,«Салоны» Дидро. Выставки современного искусства в Париже XVIII века,«Салоны» Дидро. Выставки современного искусства в Париже XVIII века 06 июня – 01 октября 2023,2023,post_2022,https://pushkinmuseum.art/events/archive/2023/exhibitions/diderot/index.php?lang=ru
Pushkin Museum,Опыты диалога,Опыты диалога 07 апреля – 20 июня 2023,2023,post_2022,https://pushkinmuseum.art/events/archive/2023/exhibitions/dialog/index.php?lang=ru
Pushkin Museum,Нина Дорлиак. Песнь Сольвейг,Нина Дорлиак. Песнь Сольвейг 22 марта – 20 июня 2023,2023,post_2022,https://pushkinmuseum.art/events/archive/2023/exhibitions/dorliak/index.php?lang=ru
Pushkin Museum,Мои полторы комнаты,Мои полторы комнаты 21 марта – 02 апреля 2023,2023,post_2022,https://pushkinmuseum.art/events/archive/2023/exhibitions/cabinet/index.php?lang=ru
Pushkin Museum,Презентация проекта «Шлиман. Троя рядом»,Презентация проекта «Шлиман. Троя рядом» 31 января 2023,2023,post_2022,https://pushkinmuseum.art/youth/troyaryadom_.php?lang=ru
Pushkin Museum,После импрессионизма. Русская живопись в диалоге с новым западным искусством,После импрессионизма. Русская живопись в диалоге с новым западным искусством 18 АПР - 24 СЕН 2023,2023,post_2022,https://pushkinmuseum.art/events/archive/2023/exhibitions/after_impressionism/index.php?lang=ru
Pushkin Museum,Золото сарматских вождей,Золото сарматских вождей 25 АПР - 8 ОКТ 2023,2023,post_2022,https://pushkinmuseum.art/events/archive/2023/exhibitions/sarmatians/index.php?lang=ru
Pushkin Museum,Названо Вазари. Возрождение. Искусство эпохи Ренессанса и его последователи разных времен,Названо Вазари. Возрождение. Искусство эпохи Ренессанса и его последователи разных времен 21 декабря 2022 – 09 апреля 2023,2023,post_2022,https://pushkinmuseum.art/events/archive/2022/others/vasari/index.php?lang=ru
Pushkin Museum,Папирус «Путешествие Унамона в Библ». К 200-летию дешифровки древнеегипетских иероглифов,Папирус «Путешествие Унамона в Библ». К 200-летию дешифровки древнеегипетских иероглифов 20 декабря 2022 – 05 февраля 2023,2023,post_2022,https://pushkinmuseum.art/events/archive/2022/exhibitions/egypt/index.php?lang=ru
Pushkin Museum,Святослав Рихтер. Театральный роман,Святослав Рихтер. Театральный роман 28 октября 2022 – 12 февраля 2023,2023,post_2022,https://pushkinmuseum.art/events/archive/2022/exhibitions/richter/index.php?lang=ru
Pushkin Museum,Кабинет редкостей,Кабинет редкостей 27 сентября 2022 – 29 января 2023,2023,post_2022,https://pushkinmuseum.art/events/archive/2022/exhibitions/curiosities_2/index.php?lang=ru
Pushkin Museum,Ответвление,Ответвление 23 ДЕК 2022 - 19 МАР 2023,2023,post_2022,https://pushkinmuseum.art/events/archive/2022/exhibitions/wood/index.php?lang=ru
Pushkin Museum,Котел алхимика. Осязательный взгляд и незрительное восприятие. Часть I,Котел алхимика. Осязательный взгляд и незрительное восприятие. Часть I 30 августа – 20 ноября 2022,2022,transition_2022,https://pushkinmuseum.art/events/archive/2022/exhibitions/alchemist/index.php?lang=ru
Pushkin Museum,Всеобщий язык,Всеобщий язык 16 ДЕК 2022 - 19 МАР 2023,2023,post_2022,https://pushkinmuseum.art/events/archive/2022/exhibitions/babylon/index.php?lang=ru
Pushkin Museum,Брат Иван. Коллекции Михаила и Ивана Морозовых,Брат Иван. Коллекции Михаила и Ивана Морозовых 28 июня – 30 октября 2022,2022,transition_2022,https://pushkinmuseum.art/events/archive/2022/exhibitions/morozov/index.php?lang=ru
Pushkin Museum,Кабинет редкостей,Кабинет редкостей 01 июня – 25 сентября 2022,2022,transition_2022,https://pushkinmuseum.art/events/archive/2022/exhibitions/curiosities/index.php?lang=ru
Pushkin Museum,Иван Цветаев и его Музей. К 175-летию основателя Музея изящных искусств Ивана Владимировича Цветаева (1847 – 1913) и 110-летию открытия музея,Иван Цветаев и его Музей. К 175-летию основателя Музея изящных искусств Ивана Владимировича Цветаева (1847 – 1913) и 110-летию открытия музея 31 мая – 30 июля 2022,2022,transition_2022,https://pushkinmuseum.art/events/archive/2022/exhibitions/tsvetaev/index.php?lang=ru
Pushkin Museum,Между землей и небом,Между землей и небом 26 апреля – 07 августа 2022,2022,transition_2022,https://pushkinmuseum.art/events/archive/2022/exhibitions/between/index.php?lang=ru
Pushkin Museum,Мумии Древнего Египта. Искусство бессмертия,Мумии Древнего Египта. Искусство бессмертия 01 марта – 31 мая 2022,2022,transition_2022,https://pushkinmuseum.art/events/archive/2022/exhibitions/mummies/index.php?lang=ru
Pushkin Museum,Ирина Затуловская. Бегство в Египет,Ирина Затуловская. Бегство в Египет 01 марта – 31 мая 2022,2022,transition_2022,https://pushkinmuseum.art/events/archive/2022/exhibitions/zatulovskaya/index.php?lang=ru
Pushkin Museum,Выставка «Случайная последовательность. Выпуск 1. Выставка художников анимации Урала»,Выставка «Случайная последовательность. Выпуск 1. Выставка художников анимации Урала» 25 декабря 2021 – 30 января 2022,2022,transition_2022,https://pushkinmuseum.art/museum/branches/ekb/events/vistavka_sluchaynaya_posledovatelnost._vipusk_1._vistavka_hudozhnikov_animacii_urala/index.php?lang=ru
Pushkin Museum,Названо Вазари. Готика. Эпоха глазами средневековых и современных художников,Названо Вазари. Готика. Эпоха глазами средневековых и современных художников 11 декабря 2021 – 28 февраля 2022,2022,transition_2022,https://pushkinmuseum.art/events/archive/2021/exhibitions/vasari/index.php?lang=ru
Pushkin Museum,"«Тело. Отпечаток»
Выставка и серия перфомансов Александра Фролова","«Тело. Отпечаток»
Выставка и серия перфомансов Александра Фролова 09 декабря 2021 – 16 января 2022",2022,transition_2022,https://pushkinmuseum.art/museum/branches/ekb/events/vistavka_i_seriya_perfomansov_aleksandra_frolova/index.php?lang=ru
Pushkin Museum,Выставка «Разрезая стены»,Выставка «Разрезая стены» 02 декабря – 19 декабря 2021,2021,pre_2022,https://pushkinmuseum.art/museum/branches/ekb/events/vystavka_razrezaya_steny/index.php?lang=ru
Pushkin Museum,«Недоступный город» в рамках V Международного инклюзивного фестиваля «Карта уязвимости»,«Недоступный город» в рамках V Международного инклюзивного фестиваля «Карта уязвимости» 01 декабря – 13 декабря 2021,2021,pre_2022,https://pushkinmuseum.art/museum/branches/tomsk/events/nedostupniy_gorod_v_ramkah_v_mezhdunarodnogo_inklyuzivnogo_festivalya_karta_uyazvimosti.php?lang=ru
Pushkin Museum,Сергей Прокофьев – Святослав Рихтер. Короткие встречи,Сергей Прокофьев – Святослав Рихтер. Короткие встречи 19 ноября 2021 – 06 марта 2022,2022,transition_2022,https://pushkinmuseum.art/events/archive/2021/exhibitions/prokofiev/index.php?lang=ru
Pushkin Museum,Бывают странные сближенья…,Бывают странные сближенья… 09 ноября 2021 – 06 февраля 2022,2022,transition_2022,https://pushkinmuseum.art/events/archive/2021/exhibitions/martin/index.php?lang=ru
Pushkin Museum,Современная графика из собрания Центра Помпиду. Дар Флоранс и Даниэля Герлен,Современная графика из собрания Центра Помпиду. Дар Флоранс и Даниэля Герлен 26 октября 2021 – 30 января 2022,2022,transition_2022,https://pushkinmuseum.art/events/archive/2021/exhibitions/pompidou/index.php?lang=ru
Pushkin Museum,Свободное искусство. Итальянский футуризм из коллекции Джанни Маттиоли,Свободное искусство. Итальянский футуризм из коллекции Джанни Маттиоли 19 октября 2021 – 16 января 2022,2022,transition_2022,https://pushkinmuseum.art/events/archive/2021/exhibitions/futurism/index.php?lang=ru
Pushkin Museum,Выставка «2×2.Керамика.Графика»,Выставка «2×2.Керамика.Графика» 07 октября – 21 ноября 2021,2021,pre_2022,https://pushkinmuseum.art/museum/branches/ekb/events/vistavka_2h2._keramika._grafika/index.php?lang=ru
Pushkin Museum,Ксения Хауснер. Правдивая ложь,Ксения Хауснер. Правдивая ложь 28 сентября 2021 – 16 января 2022,2022,transition_2022,https://pushkinmuseum.art/events/archive/2021/exhibitions/hausner/index.php?lang=ru
Pushkin Museum,Выставка участников архивной школы «Центр без центра»,Выставка участников архивной школы «Центр без центра» 24 сентября – 21 ноября 2021,2021,pre_2022,https://pushkinmuseum.art/museum/branches/ekb/events/vystavka_uchastnikov_arhivnoi_skoly/index.php?lang=ru
Pushkin Museum,Этюды о рисунках. Итальянский вклад в русский символизм,Этюды о рисунках. Итальянский вклад в русский символизм 27 июля – 05 октября 2021,2021,pre_2022,https://pushkinmuseum.art/events/archive/2021/exhibitions/drawings/index.php?lang=ru
Pushkin Museum,Музы Монпарнаса,Музы Монпарнаса 15 июля – 03 октября 2021,2021,pre_2022,https://pushkinmuseum.art/events/archive/2021/exhibitions/montparnasse/index.php?lang=ru
Pushkin Museum,"Сиена на заре Ренессанса. Произведения из Национальной пинакотеки в Сиене, Государственного архива Сиены, музеев Тосканы и ГМИИ им. А.С. Пушкина","Сиена на заре Ренессанса. Произведения из Национальной пинакотеки в Сиене, Государственного архива Сиены, музеев Тосканы и ГМИИ им. А.С. Пушкина 25 июня – 10 октября 2021",2021,pre_2022,https://pushkinmuseum.art/events/archive/2021/exhibitions/siena/index.php?lang=ru
Pushkin Museum,Не живопись. Декоративно-прикладное искусство из коллекции ГМИИ им. А.С. Пушкина,Не живопись. Декоративно-прикладное искусство из коллекции ГМИИ им. А.С. Пушкина 20 апреля – 20 июня 2021,2021,pre_2022,https://pushkinmuseum.art/events/archive/2021/exhibitions/gallery/index.php?lang=ru
Pushkin Museum,"«Грузинские палестины» Святослава Рихтера. Экспонаты из ГМИИ им. А.С. Пушкина, собраний В. Геловани и В. Платонова","«Грузинские палестины» Святослава Рихтера. Экспонаты из ГМИИ им. А.С. Пушкина, собраний В. Геловани и В. Платонова 20 марта – 20 июня 2021",2021,pre_2022,https://pushkinmuseum.art/events/archive/2021/exhibitions/richter/index.php?lang=ru
Pushkin Museum,Билл Виола. Путешествие души,Билл Виола. Путешествие души 02 марта – 30 мая 2021,2021,pre_2022,https://pushkinmuseum.art/events/archive/2020/exhibitions/viola/index.php?lang=ru
Pushkin Museum,Хранители. Братство ключа,Хранители. Братство ключа 08 декабря 2020 – 30 мая 2021,2021,pre_2022,https://pushkinmuseum.art/events/archive/2020/exhibitions/coins/index.php?lang=ru
Pushkin Museum,Реклама как искусство. Британский постер конца XIX – начала XX века из собрания ГМИИ им. А.С. Пушкина,Реклама как искусство. Британский постер конца XIX – начала XX века из собрания ГМИИ им. А.С. Пушкина 20 октября 2020 – 28 марта 2021,2021,pre_2022,https://pushkinmuseum.art/events/archive/2020/exhibitions/posters/index.php?lang=ru
Pushkin Museum,Выставка «Смотри изнутри»,Выставка «Смотри изнутри» 15 октября 2020 – 14 февраля 2021,2021,pre_2022,https://pushkinmuseum.art/events/archive/2020/others/everybodyispresent/exhibition/index.php?lang=ru
Pushkin Museum,Как Пушкин в Болдине бывал. История в картинках (в двух частях),Как Пушкин в Болдине бывал. История в картинках (в двух частях) 09 сентября – 01 ноября 2020,2020,pre_2022,https://pushkinmuseum.art/events/archive/2020/exhibitions/pushkin/index.php?lang=ru
Pushkin Museum,От Дюрера до Матисса. Избранные рисунки из собрания ГМИИ им. А.С. Пушкина,От Дюрера до Матисса. Избранные рисунки из собрания ГМИИ им. А.С. Пушкина 10 июля – 12 ноября 2020,2020,pre_2022,https://pushkinmuseum.art/events/archive/2020/exhibitions/drawings/index.php?lang=ru
Pushkin Museum,Тату,Тату 10 июля – 27 сентября 2020,2020,pre_2022,https://pushkinmuseum.art/events/archive/2020/exhibitions/tattoo/index.php?lang=ru
Pushkin Museum,Святослав Рихтер в кругу друзей. Москва — Коктебель,Святослав Рихтер в кругу друзей. Москва — Коктебель 20 марта – 12 ноября 2020,2020,pre_2022,https://pushkinmuseum.art/events/archive/2020/exhibitions/richter/index.php?lang=ru
Pushkin Museum,Томас Гейнсборо,Томас Гейнсборо 03 декабря 2019 – 01 марта 2020,2020,pre_2022,https://pushkinmuseum.art/events/archive/2019/exhibitions/gainsborough/index.php?lang=ru
Pushkin Museum,"Дагеротип, автохром, поляроид. 1/1","Дагеротип, автохром, поляроид. 1/1 19 ноября 2019 – 26 января 2020",2020,pre_2022,https://pushkinmuseum.art/events/archive/2019/exhibitions/photography/index.php?lang=ru
Pushkin Museum,Годы странствий Святослава Рихтера. Австрия – Германия,Годы странствий Святослава Рихтера. Австрия – Германия 13 ноября 2019 – 16 февраля 2020,2020,pre_2022,https://pushkinmuseum.art/events/archive/2019/exhibitions/germany/index.php?lang=ru
Pushkin Museum,Князья Юсуповы и Цветаевский музей,Князья Юсуповы и Цветаевский музей 29 октября 2019 – 12 января 2020,2020,pre_2022,https://pushkinmuseum.art/events/archive/2019/exhibitions/tsvetaev/index.php?lang=ru
Pushkin Museum,Восточный джаз / East West Jazz,Восточный джаз / East West Jazz 01 октября – 15 ноября 2019,2019,pre_2022,https://pushkinmuseum.art/events/archive/2019/exhibitions/jazz/index.php?lang=ru
Pushkin Museum,«Русский Йорданс». Картины и рисунки Якоба Йорданса из собраний России,«Русский Йорданс». Картины и рисунки Якоба Йорданса из собраний России 17 сентября – 30 ноября 2019,2019,pre_2022,https://pushkinmuseum.art/events/archive/2019/exhibitions/jordaens/index.php?lang=ru
Pushkin Museum,Щукин. Биография коллекции,Щукин. Биография коллекции 19 июня – 15 сентября 2019,2019,pre_2022,https://pushkinmuseum.art/events/archive/2019/exhibitions/shchukin/index.php?lang=ru
Pushkin Museum,Коллекция Fondation Louis Vuitton*. Избранное,Коллекция Fondation Louis Vuitton*. Избранное 19 июня – 29 сентября 2019,2019,pre_2022,https://pushkinmuseum.art/events/archive/2019/exhibitions/louisvuitton/index.php?lang=ru
Pushkin Museum,"«В конце пребывает начало. Тайное братство Тинторетто». Венеция, церковь Сан-Фантин","«В конце пребывает начало. Тайное братство Тинторетто». Венеция, церковь Сан-Фантин 11 МАЙ - 11 СЕН 2019 c 10:15 до 17:45",2019,pre_2022,https://pushkinmuseum.art/events/archive/2019/exhibitions/venice/index.php?lang=ru
Pushkin Museum,Античное собрание семьи Карисаловых,Античное собрание семьи Карисаловых 26 марта – 12 мая 2019,2019,pre_2022,https://pushkinmuseum.art/events/archive/2019/exhibitions/ancientart/index.php?lang=ru
Pushkin Museum,Воспоминания о Японии. Из коллекции Святослава Рихтера и фондов ГМИИ им. А.С. Пушкина,Воспоминания о Японии. Из коллекции Святослава Рихтера и фондов ГМИИ им. А.С. Пушкина 21 марта – 30 июня 2019,2019,pre_2022,https://pushkinmuseum.art/events/archive/2019/exhibitions/japan/index.php?lang=ru
Pushkin Museum,"Фрэнсис Бэкон, Люсьен Фрейд и Лондонская школа","Фрэнсис Бэкон, Люсьен Фрейд и Лондонская школа 05 марта – 19 мая 2019",2019,pre_2022,https://pushkinmuseum.art/events/archive/2019/exhibitions/london/index.php?lang=ru
Pushkin Museum,Афишемания. Французская реклама конца XIX — начала XX века из собрания ГМИИ им. А.С. Пушкина,Афишемания. Французская реклама конца XIX — начала XX века из собрания ГМИИ им. А.С. Пушкина 21 февраля – 21 апреля 2019,2019,pre_2022,https://pushkinmuseum.art/events/archive/2019/exhibitions/afishemania/index.php?lang=ru
Pushkin Museum,Гости из Неаполя. Артемизия Джентилески и современники. Из Музея и Королевского парка Каподимонте и ГМИИ им. А.С. Пушкина,Гости из Неаполя. Артемизия Джентилески и современники. Из Музея и Королевского парка Каподимонте и ГМИИ им. А.С. Пушкина 01 февраля – 31 марта 2019,2019,pre_2022,https://pushkinmuseum.art/events/archive/2019/exhibitions/gentileschi/index.php?lang=ru
Pushkin Museum,Стражи времени. Керамическая скульптура Древнего Китая,Стражи времени. Керамическая скульптура Древнего Китая 06 декабря 2018 – 17 марта 2019,2019,pre_2022,https://pushkinmuseum.art/events/archive/2018/exhibitions/china/index.php?lang=ru
Pushkin Museum,Пикассо & Хохлова,Пикассо & Хохлова 20 ноября 2018 – 03 февраля 2019,2019,pre_2022,https://pushkinmuseum.art/events/archive/2018/exhibitions/picasso/index.php?lang=ru
Pushkin Museum,Годы странствий Святослава Рихтера. Англия – Америка,Годы странствий Святослава Рихтера. Англия – Америка 24 октября 2018 – 17 февраля 2019,2019,pre_2022,https://pushkinmuseum.art/events/archive/2018/exhibitions/richter/index.php?lang=ru
Pushkin Museum,"«Парижские вечера» баронессы Эттинген. Руссо, Модильяни, Аполлинер, Сюрваж, Фера","«Парижские вечера» баронессы Эттинген. Руссо, Модильяни, Аполлинер, Сюрваж, Фера 25 сентября 2018 – 13 января 2019",2019,pre_2022,https://pushkinmuseum.art/events/archive/2018/exhibitions/oettingen/index.php?lang=ru
Pushkin Museum,Шедевры живописи и гравюры эпохи Эдо,Шедевры живописи и гравюры эпохи Эдо 04 сентября – 28 октября 2018,2018,pre_2022,https://pushkinmuseum.art/events/archive/2018/exhibitions/edo/index.php?lang=ru
Pushkin Museum,Анатомия кубизма,Анатомия кубизма 30 августа – 18 ноября 2018,2018,pre_2022,https://pushkinmuseum.art/events/archive/2018/exhibitions/kubism/index.php?lang=ru
Pushkin Museum,Тадаси Кавамата. На птичьих правах / Para-site Project,Тадаси Кавамата. На птичьих правах / Para-site Project 25 августа – 28 октября 2018,2018,pre_2022,https://pushkinmuseum.art/events/archive/2018/exhibitions/kawamata/index.php?lang=ru
Pushkin Museum,От Тьеполо до Каналетто и Гварди,От Тьеполо до Каналетто и Гварди 24 июля – 05 ноября 2018,2018,pre_2022,https://pushkinmuseum.art/events/archive/2018/exhibitions/vicenza/index.php?lang=ru
Pushkin Museum,Фабрицио Плесси. Душа камня,Фабрицио Плесси. Душа камня 05 июня – 05 августа 2018,2018,pre_2022,https://pushkinmuseum.art/events/archive/2018/exhibitions/plessi/index.php?lang=ru
Pushkin Museum,Родченко и Степанова. Футбол,Родченко и Степанова. Футбол 05 июня – 29 июля 2018,2018,pre_2022,https://pushkinmuseum.art/events/archive/2018/exhibitions/rodchenko/index.php?lang=ru
Pushkin Museum,Скульпторы и livre d'artiste,Скульпторы и livre d'artiste 26 апреля – 02 сентября 2018,2018,pre_2022,https://pushkinmuseum.art/events/archive/2018/exhibitions/livredartiste/index.php?lang=ru
Pushkin Museum,Эпоха Рембрандта и Вермеера. Шедевры Лейденской коллекции,Эпоха Рембрандта и Вермеера. Шедевры Лейденской коллекции 28 марта – 22 июля 2018,2018,pre_2022,https://pushkinmuseum.art/events/archive/2018/exhibitions/rembrandt/index.php?lang=ru
Pushkin Museum,Детство и отрочество Святослава Рихтера,Детство и отрочество Святослава Рихтера 20 марта – 17 июня 2018,2018,pre_2022,https://pushkinmuseum.art/events/archive/2018/exhibitions/richter_chilhood/index.php?lang=ru
Pushkin Museum,Кабинет Директора,Кабинет Директора 02 марта – 26 мая 2018,2018,pre_2022,https://pushkinmuseum.art/events/archive/2018/exhibitions/cabinet/index.php?lang=ru
Pushkin Museum,Post-mortem Monography,Post-mortem Monography 26 февраля – 13 мая 2018,2018,pre_2022,https://pushkinmuseum.art/events/archive/2018/exhibitions/provmyza/index.php?lang=ru
Pushkin Museum,Уильям Генри Фокс Тальбот. У истоков фотографии,Уильям Генри Фокс Тальбот. У истоков фотографии 06 февраля – 08 апреля 2018,2018,pre_2022,https://pushkinmuseum.art/events/archive/2018/exhibitions/talbot/index.php?lang=ru
Pushkin Museum,Передвижники и импрессионисты. На пути в ХХ век,Передвижники и импрессионисты. На пути в ХХ век 30 ноября 2017 – 25 февраля 2018,2018,pre_2022,https://pushkinmuseum.art/events/archive/2017/peredvizhniki_impressionists/index.php?lang=ru
Pushkin Museum,«Годы странствий» Святослава Рихтера. Франция – Италия,«Годы странствий» Святослава Рихтера. Франция – Италия 08 ноября 2017 – 29 января 2018,2018,pre_2022,https://pushkinmuseum.art/events/archive/2017/pilgrimage/index.php?lang=ru
Pushkin Museum,1937/2017. Первая всесоюзная выставка фотоискусства,1937/2017. Первая всесоюзная выставка фотоискусства 07 ноября – 25 декабря 2017,2017,pre_2022,https://pushkinmuseum.art/events/archive/2017/exhibitions/photo19372017/index.php?lang=ru
Pushkin Museum,Хаим Сутин. Ретроспектива,Хаим Сутин. Ретроспектива 24 октября 2017 – 21 января 2018,2018,pre_2022,https://pushkinmuseum.art/events/archive/2017/soutine/index.php?lang=ru
Pushkin Museum,Наука о прекрасном. Преподавание истории искусств в Императорском Московском университете в середине XIX – начале XX века,Наука о прекрасном. Преподавание истории искусств в Императорском Московском университете в середине XIX – начале XX века 11 октября 2017 – 25 января 2018,2018,pre_2022,https://pushkinmuseum.art/events/archive/2017/rggu/index.php?lang=ru
Pushkin Museum,Густав Климт. Эгон Шиле. Рисунки из музея Альбертина (Вена),Густав Климт. Эгон Шиле. Рисунки из музея Альбертина (Вена) 10 октября 2017 – 14 января 2018,2018,pre_2022,https://pushkinmuseum.art/events/archive/2017/albertina/index.php?lang=ru
Pushkin Museum,Цай Гоцян. Октябрь,Цай Гоцян. Октябрь 13 сентября – 12 ноября 2017,2017,pre_2022,https://pushkinmuseum.art/events/archive/2017/october/index.php?lang=ru
Pushkin Museum,Техники гравюры. Ксилография,Техники гравюры. Ксилография 14 августа – 19 ноября 2017,2017,pre_2022,https://pushkinmuseum.art/events/archive/2015/exhibitions/technics/ksilography/index.php?lang=ru
Pushkin Museum,Александр Тышлер. Игра и лицедейство,Александр Тышлер. Игра и лицедейство 14 июля – 17 сентября 2017,2017,pre_2022,https://pushkinmuseum.art/events/archive/2017/exhibitions/tyshler_moscow/index.php?lang=ru
Pushkin Museum,Пантикапей и Фанагория. Две столицы Боспорского царства,Пантикапей и Фанагория. Две столицы Боспорского царства 29 июня – 17 сентября 2017,2017,pre_2022,https://pushkinmuseum.art/events/archive/2017/exhibitions/bospor/index.php?lang=ru
Pushkin Museum,«Памятные древности свеев». Нумизматическая коллекция Элиаса Бреннера (1647–1717) и Павла Григорьевича Демидова (1738–1821),«Памятные древности свеев». Нумизматическая коллекция Элиаса Бреннера (1647–1717) и Павла Григорьевича Демидова (1738–1821) 26 июня 2017 – 08 января 2018,2018,pre_2022,https://pushkinmuseum.art/events/archive/2017/svei/index.php?lang=ru
Pushkin Museum,Recycle Group. Homo virtualis,Recycle Group. Homo virtualis 21 июня – 20 августа 2017,2017,pre_2022,https://pushkinmuseum.art/events/archive/2017/exhibitions/recycle/index.php?lang=ru
Pushkin Museum,«Обитаемые пейзажи» Гарифа Басырова,«Обитаемые пейзажи» Гарифа Басырова 16 июня – 17 сентября 2017,2017,pre_2022,https://pushkinmuseum.art/events/archive/2017/exhibitions/basyrov/index.php?lang=ru
Pushkin Museum,"Венеция Ренессанса. Тициан, Тинторетто, Веронезе. Из собраний Италии и России","Венеция Ренессанса. Тициан, Тинторетто, Веронезе. Из собраний Италии и России 09 июня – 20 августа 2017",2017,pre_2022,https://pushkinmuseum.art/events/archive/2017/venice/index.php?lang=ru
Pushkin Museum,Техники гравюры. Литография,Техники гравюры. Литография 01 июня – 13 августа 2017,2017,pre_2022,https://pushkinmuseum.art/events/archive/2015/exhibitions/technics/litography/index.php?lang=ru
Pushkin Museum,Джорджо Моранди. 1890–1964,Джорджо Моранди. 1890–1964 25 апреля – 10 сентября 2017,2017,pre_2022,https://pushkinmuseum.art/events/archive/2017/exhibitions/morandi/index.php?lang=ru
Pushkin Museum,К импрессионистам нужно прийти,К импрессионистам нужно прийти 17 апреля – 30 апреля 2017,2017,pre_2022,https://pushkinmuseum.art/events/archive/2017/exhibitions/park/index.php?lang=ru
Pushkin Museum,Легенды датского дизайна,Легенды датского дизайна 12 апреля – 11 июня 2017,2017,pre_2022,https://pushkinmuseum.art/events/archive/2017/exhibitions/danish/index.php?lang=ru
Pushkin Museum,Сокровища Нукуса. Из собрания Государственного музея искусств Республики Каракалпакстан имени И.В. Савицкого (Узбекистан),Сокровища Нукуса. Из собрания Государственного музея искусств Республики Каракалпакстан имени И.В. Савицкого (Узбекистан) 07 апреля – 30 мая 2017,2017,pre_2022,https://pushkinmuseum.art/events/archive/2017/exhibitions/karakalpakstan/index.php?lang=ru
Pushkin Museum,Лицом к будущему. Искусство Европы 1945–1968,Лицом к будущему. Искусство Европы 1945–1968 07 марта – 21 мая 2017,2017,pre_2022,https://pushkinmuseum.art/events/archive/2017/45_68/index.php?lang=ru
Pushkin Museum,Ясумаса Моримура. История автопортрета,Ясумаса Моримура. История автопортрета 31 января – 09 апреля 2017,2017,pre_2022,https://pushkinmuseum.art/events/archive/2017/exhibitions/morimura/index.php?lang=ru
Pushkin Museum,«Капричос». Гойя и Дали,«Капричос». Гойя и Дали 24 января – 26 марта 2017,2017,pre_2022,https://pushkinmuseum.art/events/archive/2017/exhibitions/caprichos/index.php?lang=ru
Pushkin Museum,«Багатели» Василия Кандинского,«Багатели» Василия Кандинского 20 декабря 2016 – 12 февраля 2017,2017,pre_2022,https://pushkinmuseum.art/events/archive/2016/exhibitions/kandinsky/index.php?lang=ru
Pushkin Museum,Выставка финалистов конкурса «Море в сказках А.С. Пушкина»,Выставка финалистов конкурса «Море в сказках А.С. Пушкина» 20 декабря 2016 – 22 января 2017,2017,pre_2022,https://pushkinmuseum.art/events/archive/2016/exhibitions/sea/index.php?lang=ru
Pushkin Museum,Римское время. Графика Максима Атаянца.,Римское время. Графика Максима Атаянца. 17 декабря 2016 – 26 февраля 2017,2017,pre_2022,https://pushkinmuseum.art/events/archive/2016/exhibitions/atayanc/index.php?lang=ru
Pushkin Museum,Ирина Нахова. Взгляд,Ирина Нахова. Взгляд 09 декабря 2016 – 29 января 2017,2017,pre_2022,https://pushkinmuseum.art/events/archive/2016/exhibitions/nahova/index.php?lang=ru
Pushkin Museum,"Грузинский авангард: 1900–1930-е. Пиросмани, Гудиашвили, Какабадзе и другие художники. Из музеев и частных собраний","Грузинский авангард: 1900–1930-е. Пиросмани, Гудиашвили, Какабадзе и другие художники. Из музеев и частных собраний 08 декабря 2016 – 12 марта 2017",2017,pre_2022,https://pushkinmuseum.art/events/archive/2016/exhibitions/avant_garde/index.php?lang=ru
Pushkin Museum,Голоса воображаемого музея Андре Мальро,Голоса воображаемого музея Андре Мальро 01 декабря 2016 – 12 февраля 2017,2017,pre_2022,https://pushkinmuseum.art/events/archive/2016/exhibitions/malraux/index_1.php?lang=ru
Pushkin Museum,Видеть невидимое. Выставка для слабовидящих и незрячих,Видеть невидимое. Выставка для слабовидящих и незрячих 13 ноября 2016 – 13 февраля 2017,2017,pre_2022,https://pushkinmuseum.art/events/archive/2016/exhibitions/touch_art/index.php?lang=ru
Pushkin Museum,Дмитрий Шостакович – Святослав Рихтер. Вариации на тему эпохи,Дмитрий Шостакович – Святослав Рихтер. Вариации на тему эпохи 10 ноября 2016 – 22 января 2017,2017,pre_2022,https://pushkinmuseum.art/events/archive/2016/exhibitions/shostakovich/index.php?lang=ru
Pushkin Museum,Дом впечатлений. Прогулка с трубадуром,Дом впечатлений. Прогулка с трубадуром 28 октября 2016 – 31 марта 2017,2017,pre_2022,https://pushkinmuseum.art/events/archive/2016/exhibitions/troubadour/index.php?lang=ru
Pushkin Museum,Английское меццо-тинто,Английское меццо-тинто 18 октября – 06 ноября 2016,2016,pre_2022,https://pushkinmuseum.art/events/archive/2016/exhibitions/gravure/mezzo/index.php?lang=ru
Pushkin Museum,Искусство жить. Интерьер бюргерского дома в Голландии эпохи расцвета,Искусство жить. Интерьер бюргерского дома в Голландии эпохи расцвета 11 октября 2016 – 10 января 2017,2017,pre_2022,https://pushkinmuseum.art/events/archive/2016/exhibitions/burger/index.php?lang=ru
Pushkin Museum,Искусство жить. Интерьер бюргерского дома в Голландии эпохи расцвета,Искусство жить. Интерьер бюргерского дома в Голландии эпохи расцвета 11 октября 2016 – 10 января 2017,2017,pre_2022,https://pushkinmuseum.art/events/archive/2016/exhibitions/ogran/test/index.php?lang=ru
Pushkin Museum,Альбер Марке. Распахнутое окно. Произведения из музеев и частных собраний России и Франции,Альбер Марке. Распахнутое окно. Произведения из музеев и частных собраний России и Франции 27 сентября 2016 – 08 января 2017,2017,pre_2022,https://pushkinmuseum.art/events/archive/2016/exhibitions/marquet/index_1.php?lang=ru
Pushkin Museum,Техники гравюры XV-XX веков: от гравюры на дереве до шелкографии,Техники гравюры XV-XX веков: от гравюры на дереве до шелкографии 26 сентября – 09 октября 2016,2016,pre_2022,https://pushkinmuseum.art/events/archive/2016/exhibitions/gravure/index.php?lang=ru
Pushkin Museum,Техники гравюры. Ксилография,Техники гравюры. Ксилография 26 сентября – 10 октября 2016,2016,pre_2022,https://pushkinmuseum.art/events/archive/2016/exhibitions/gravure/wood/index.php?lang=ru
Pushkin Museum,Пиранези. До и после. Италия – Россия. XVIII–XXI века,Пиранези. До и после. Италия – Россия. XVIII–XXI века 20 сентября – 13 ноября 2016,2016,pre_2022,https://pushkinmuseum.art/events/archive/2016/exhibitions/piranesi/index.php?lang=ru
Pushkin Museum,Рафаэль. Поэзия образа. Произведения из Галерей* Уффици и других собраний Италии,Рафаэль. Поэзия образа. Произведения из Галерей* Уффици и других собраний Италии 13 сентября – 11 декабря 2016,2016,pre_2022,https://pushkinmuseum.art/events/archive/2016/exhibitions/raphael/index.php?lang=ru
Pushkin Museum,Шедевры греческой керамики из собрания ГМИИ им. А.С. Пушкина в детских рисунках,Шедевры греческой керамики из собрания ГМИИ им. А.С. Пушкина в детских рисунках 11 сентября – 30 ноября 2016,2016,pre_2022,https://pushkinmuseum.art/events/archive/2016/exhibitions/greek/index.php?lang=ru
Pushkin Museum,Леон Стейнмец. Возвращаясь к Античности,Леон Стейнмец. Возвращаясь к Античности 28 июля – 18 сентября 2016,2016,pre_2022,https://pushkinmuseum.art/events/archive/2016/exhibitions/steinmetz/index.php?lang=ru
Pushkin Museum,Внутри искусства,Внутри искусства 08 июля – 31 июля 2016,2016,pre_2022,https://pushkinmuseum.art/events/archive/2016/exhibitions/insideart/index.php?lang=ru
Pushkin Museum,«Наметив контуры резцом…» Человек и его изображение в памятниках нумизматики от Античности до Нового времени,«Наметив контуры резцом…» Человек и его изображение в памятниках нумизматики от Античности до Нового времени 06 июля – 30 октября 2016,2016,pre_2022,https://pushkinmuseum.art/events/archive/2016/exhibitions/contour/index.php?lang=ru
Pushkin Museum,Река Конго. Африканское искусство в детских коллажах,Река Конго. Африканское искусство в детских коллажах 04 июля – 24 июля 2016,2016,pre_2022,https://pushkinmuseum.art/events/archive/2016/exhibitions/congo_children/index.php?lang=ru
Pushkin Museum,Лев Бакст / Léon Bakst. К 150-летию со дня рождения,Лев Бакст / Léon Bakst. К 150-летию со дня рождения 08 июня – 28 августа 2016,2016,pre_2022,https://pushkinmuseum.art/events/archive/2016/exhibitions/bakst/index.php?lang=ru
Pushkin Museum,Дом впечатлений. Классика и современность медиаискусства,Дом впечатлений. Классика и современность медиаискусства 26 мая – 30 сентября 2016,2016,pre_2022,https://pushkinmuseum.art/events/archive/2016/exhibitions/impressions/index.php?lang=ru
Pushkin Museum,Ночь в Пушкинском,Ночь в Пушкинском 21 мая 2016,2016,pre_2022,https://pushkinmuseum.art/events/archive/2016/exhibitions/night/index.php?lang=ru
Pushkin Museum,Река Конго. Искусство Центральной Африки. Из собрания музея на набережной Бранли (Париж),Река Конго. Искусство Центральной Африки. Из собрания музея на набережной Бранли (Париж) 17 мая – 04 сентября 2016,2016,pre_2022,https://pushkinmuseum.art/events/archive/2016/exhibitions/congo/index.php?lang=ru
Pushkin Museum,Выставка фрагмента плиты с надписью Ашшурнацирапала II,Выставка фрагмента плиты с надписью Ашшурнацирапала II 17 мая – 17 июля 2016,2016,pre_2022,https://pushkinmuseum.art/events/archive/2016/exhibitions/slab/index.php?lang=ru
Pushkin Museum,«Олимпия» Эдуарда Мане из собрания Музея д'Орсэ (Париж),«Олимпия» Эдуарда Мане из собрания Музея д'Орсэ (Париж) 19 апреля – 25 июля 2016,2016,pre_2022,https://pushkinmuseum.art/events/archive/2016/exhibitions/olympia/index.php?lang=ru
Pushkin Museum,Мир глазами детей,Мир глазами детей 12 апреля – 15 мая 2016,2016,pre_2022,https://pushkinmuseum.art/events/archive/2016/exhibitions/eyes/index.php?lang=ru
Pushkin Museum,Илья Зильберштейн. К 110-летию со дня рождения,Илья Зильберштейн. К 110-летию со дня рождения 30 марта – 02 октября 2016,2016,pre_2022,https://pushkinmuseum.art/events/archive/2016/exhibitions/silberstein/index.php?lang=ru
Pushkin Museum,Виктор Пивоваров. Потерянные ключи,Виктор Пивоваров. Потерянные ключи 22 марта – 15 мая 2016,2016,pre_2022,https://pushkinmuseum.art/events/archive/2016/exhibitions/pivovarov/index.php?lang=ru
Pushkin Museum,Римская скульптура из Волюбилиса (Марокко),Римская скульптура из Волюбилиса (Марокко) 17 марта – 03 мая 2016,2016,pre_2022,https://pushkinmuseum.art/events/archive/2016/exhibitions/morocco/index.php?lang=ru
Pushkin Museum,Кранахи. Между Ренессансом и маньеризмом,Кранахи. Между Ренессансом и маньеризмом 04 марта – 15 мая 2016,2016,pre_2022,https://pushkinmuseum.art/events/archive/2016/exhibitions/cranach/index.php?lang=ru
Pushkin Museum,Мир впечатлений и впечатления от мира. Путешествия доктора Живаго,Мир впечатлений и впечатления от мира. Путешествия доктора Живаго 01 марта – 24 апреля 2016,2016,pre_2022,https://pushkinmuseum.art/events/archive/2016/exhibitions/zhivago/index.php?lang=ru
Pushkin Museum,Эрвин Олаф. Оммаж Луи Галле,Эрвин Олаф. Оммаж Луи Галле 25 февраля – 24 апреля 2016,2016,pre_2022,https://pushkinmuseum.art/events/archive/2016/exhibitions/olaf/index.php?lang=ru
Pushkin Museum,«Повтор рождения» – реставрация слепка египетской статуи,«Повтор рождения» – реставрация слепка египетской статуи 24 февраля – 15 марта 2016,2016,pre_2022,https://pushkinmuseum.art/events/archive/2016/exhibitions/repeat /index.php?lang=ru
Pushkin Museum,Понятие о совершенном живописце. Русские гравированные академические оригиналы и пособия для художников XVIII века,Понятие о совершенном живописце. Русские гравированные академические оригиналы и пособия для художников XVIII века 20 февраля – 26 июня 2016,2016,pre_2022,https://pushkinmuseum.art/events/archive/2016/exhibitions/perfect_painter/index.php?lang=ru
Pushkin Museum,Нарисуй мне шедевр. Семь тысяч лет истории искусства в детских рисунках,Нарисуй мне шедевр. Семь тысяч лет истории искусства в детских рисунках 15 февраля – 06 марта 2016,2016,pre_2022,https://pushkinmuseum.art/events/archive/2016/exhibitions/muzeon /index.php?lang=ru
Pushkin Museum,«Два Аменемхета»: портреты одного царя эпохи Среднего царства,«Два Аменемхета»: портреты одного царя эпохи Среднего царства 02 февраля – 09 мая 2016,2016,pre_2022,https://pushkinmuseum.art/events/archive/2016/exhibitions/amenemhat/index.php?lang=ru
Pushkin Museum,Карандашная манера,Карандашная манера 02 февраля – 23 февраля 2016,2016,pre_2022,https://pushkinmuseum.art/events/archive/2015/exhibitions/technics/crayon_engraving/index.php?lang=ru
Pushkin Museum,«Поленовское рождество» в ГМИИ им. А.С. Пушкина,«Поленовское рождество» в ГМИИ им. А.С. Пушкина 26 декабря 2015 – 26 января 2016,2016,pre_2022,https://pushkinmuseum.art/events/archive/2015/exhibitions/christmas/index.php?lang=ru
Pushkin Museum,Немецкий книжный дизайн. Лучшие образцы книжного оформления конца ХIХ – начала XXI века из собраний Центра немецкой книги и Научной библиотеки ГМИИ им. А.С. Пушкина,Немецкий книжный дизайн. Лучшие образцы книжного оформления конца ХIХ – начала XXI века из собраний Центра немецкой книги и Научной библиотеки ГМИИ им. А.С. Пушкина 23 декабря 2015 – 28 февраля 2016,2016,pre_2022,https://pushkinmuseum.art/events/archive/2015/exhibitions/books/index.php?lang=ru
Pushkin Museum,Ильязд. XX век Ильи Зданевича. Из частных и музейных собраний России и Франции,Ильязд. XX век Ильи Зданевича. Из частных и музейных собраний России и Франции 15 декабря 2015 – 14 февраля 2016,2016,pre_2022,https://pushkinmuseum.art/events/archive/2015/exhibitions/zdanevich/index.php?lang=ru
Pushkin Museum,Святослав Рихтер. Портреты в интерьере,Святослав Рихтер. Портреты в интерьере 08 декабря 2015 – 11 февраля 2016,2016,pre_2022,https://pushkinmuseum.art/events/archive/2015/exhibitions/portraits/index.php?lang=ru
Pushkin Museum,Техники гравюры: Акватинта,Техники гравюры: Акватинта 08 декабря 2015 – 31 января 2016,2016,pre_2022,https://pushkinmuseum.art/events/archive/2015/exhibitions/technics/aquatinto/index.php?lang=ru
Pushkin Museum,Вечные темы искусства,Вечные темы искусства 01 декабря 2015 – 31 января 2016,2016,pre_2022,https://pushkinmuseum.art/events/archive/2015/exhibitions/themes/index.php?lang=ru
Pushkin Museum,Впечатления 2.0,Впечатления 2.0 01 декабря 2015 – 15 февраля 2016,2016,pre_2022,https://pushkinmuseum.art/events/archive/2015/exhibitions/impressions/index.php?lang=ru
Pushkin Museum,Исландская осень,Исландская осень 03 ноября – 06 декабря 2015,2015,pre_2022,https://pushkinmuseum.art/events/archive/2015/exhibitions/iceland/index.php?lang=ru
Pushkin Museum,"«Книга трав» Дмитрия Плавинского из собраний ГМИИ им. А.С. Пушкина, Государственного биологического музея им. К.А. Тимирязева и частных коллекций","«Книга трав» Дмитрия Плавинского из собраний ГМИИ им. А.С. Пушкина, Государственного биологического музея им. К.А. Тимирязева и частных коллекций 27 октября – 06 декабря 2015",2015,pre_2022,https://pushkinmuseum.art/events/archive/2015/exhibitions/book/index.php?lang=ru
Pushkin Museum,Техники гравюры: Офорт,Техники гравюры: Офорт 13 октября – 01 ноября 2015,2015,pre_2022,https://pushkinmuseum.art/events/archive/2015/exhibitions/technics/etching/index.php?lang=ru
Pushkin Museum,Александр Пономарёв. В е трувианский человек,Александр Пономарёв. В е трувианский человек 01 октября – 15 ноября 2015,2015,pre_2022,https://pushkinmuseum.art/events/archive/2015/exhibitions/ponomarev/index.php?lang=ru
Pushkin Museum,"«Шальные годы» Монпарнаса. Живопись и графика Жюля Паскина и Леонара Фужиты из музейных и частных собраний Франции, Швейцарии, Бельгии и России","«Шальные годы» Монпарнаса. Живопись и графика Жюля Паскина и Леонара Фужиты из музейных и частных собраний Франции, Швейцарии, Бельгии и России 29 сентября – 29 ноября 2015",2015,pre_2022,https://pushkinmuseum.art/events/archive/2015/exhibitions/montparnasse/index.php?lang=ru
Pushkin Museum,Керамика Раку: Вселенная в чайной чаше. Произведения из японских собраний,Керамика Раку: Вселенная в чайной чаше. Произведения из японских собраний 22 сентября – 15 ноября 2015,2015,pre_2022,https://pushkinmuseum.art/events/archive/2015/exhibitions/raku/index.php?lang=ru
Pushkin Museum,Новые поступления графики в ГМИИ им. А.С. Пушкина. 2009–2014,Новые поступления графики в ГМИИ им. А.С. Пушкина. 2009–2014 18 сентября 2015 – 31 января 2016,2016,pre_2022,https://pushkinmuseum.art/events/archive/2015/exhibitions/new/index.php?lang=ru
Pushkin Museum,Война и мир в творчестве Георгия и Ореста Верейских,Война и мир в творчестве Георгия и Ореста Верейских 18 сентября 2015 – 31 января 2016,2016,pre_2022,https://pushkinmuseum.art/events/archive/2015/exhibitions/verejskie/index.php?lang=ru
Pushkin Museum,Рембрандт. Другой ракурс. Произведения Рембрандта Харменса ван Рейна и Дмитрия Гутова,Рембрандт. Другой ракурс. Произведения Рембрандта Харменса ван Рейна и Дмитрия Гутова 08 сентября – 11 октября 2015,2015,pre_2022,https://pushkinmuseum.art/events/archive/2015/exhibitions/rembrandt/index.php?lang=ru
Pushkin Museum,"Коллекция, забытая на век. Памятники нумизматики из Музея русской истории за границей при Свято-Князь-Владимирском братстве в собрании ГМИИ им. А.С. Пушкина","Коллекция, забытая на век. Памятники нумизматики из Музея русской истории за границей при Свято-Князь-Владимирском братстве в собрании ГМИИ им. А.С. Пушкина 18 августа – 11 октября 2015",2015,pre_2022,https://pushkinmuseum.art/events/archive/2015/exhibitions/numismatics/index.php?lang=ru
Pushkin Museum,Сбор средств на реставрацию пелены с изображением женщины и мальчика,Сбор средств на реставрацию пелены с изображением женщины и мальчика 18 августа – 11 октября 2015,2015,pre_2022,https://pushkinmuseum.art/events/archive/2015/exhibitions/shroud/index.php?lang=ru
Pushkin Museum,Русское искусство XIX–XX веков из собрания А.Н. Володчинского,Русское искусство XIX–XX веков из собрания А.Н. Володчинского 15 июля – 06 сентября 2015,2015,pre_2022,https://pushkinmuseum.art/events/archive/2015/exhibitions/russian_art/index.php?lang=ru
Pushkin Museum,Александр Колдер. Ретроспектива. Из собрания Фонда Колдера и других частных коллекций,Александр Колдер. Ретроспектива. Из собрания Фонда Колдера и других частных коллекций 09 июня – 30 августа 2015,2015,pre_2022,https://pushkinmuseum.art/events/archive/2015/exhibitions/calder/index.php?lang=ru
Pushkin Museum,Хранители. Война и мир в Музее. ГМИИ им. А.С. Пушкина в 1941–1955 годах,Хранители. Война и мир в Музее. ГМИИ им. А.С. Пушкина в 1941–1955 годах 30 апреля – 21 июня 2015,2015,pre_2022,https://pushkinmuseum.art/events/archive/2015/exhibitions/curators/index.php?lang=ru
Pushkin Museum,Никола Пуссен «Царство Флоры». К 60-летию «Выставки картин Дрезденской галереи» в ГМИИ им. А.С. Пушкина,Никола Пуссен «Царство Флоры». К 60-летию «Выставки картин Дрезденской галереи» в ГМИИ им. А.С. Пушкина 30 апреля – 26 июля 2015,2015,pre_2022,https://pushkinmuseum.art/events/archive/2015/exhibitions/flora/index.php?lang=ru
Pushkin Museum,Младшие Брейгели. Картины из собрания Константина Мауергауза,Младшие Брейгели. Картины из собрания Константина Мауергауза 28 апреля – 02 августа 2015,2015,pre_2022,https://pushkinmuseum.art/events/archive/2015/exhibitions/bruegels/index.php?lang=ru
Pushkin Museum,"Книга художника. Графика Жоана Миро к поэме Рафаэля Альберти, Антони Тапиеса к стихам Иосифа Бродского. Из собрания Бориса Фридмана","Книга художника. Графика Жоана Миро к поэме Рафаэля Альберти, Антони Тапиеса к стихам Иосифа Бродского. Из собрания Бориса Фридмана 28 апреля – 23 августа 2015",2015,pre_2022,https://pushkinmuseum.art/events/archive/2015/exhibitions/livre_d_artiste/index.php?lang=ru
Pushkin Museum,"Сказочники. Книжная графика Владимира Конашевича, Эрика Булатова, Олега Васильева, Ильи Кабакова, Виктора Пивоварова из частных коллекций и собрания ГМИИ им. А.С. Пушкина","Сказочники. Книжная графика Владимира Конашевича, Эрика Булатова, Олега Васильева, Ильи Кабакова, Виктора Пивоварова из частных коллекций и собрания ГМИИ им. А.С. Пушкина 25 апреля – 30 августа 2015",2015,pre_2022,https://pushkinmuseum.art/events/archive/2015/exhibitions/konashevich/index.php?lang=ru
Pushkin Museum,"Фриц Кремер. «О, Германия, скорбная мать!»","Фриц Кремер. «О, Германия, скорбная мать!» 24 апреля – 12 июля 2015",2015,pre_2022,https://pushkinmuseum.art/events/archive/2015/exhibitions/cremer/index.php?lang=ru
Pushkin Museum,Техники гравюры. Гравюра резцом,Техники гравюры. Гравюра резцом 07 апреля – 26 апреля 2015,2015,pre_2022,https://pushkinmuseum.art/events/archive/2015/exhibitions/technics/chisel/index.php?lang=ru
Pushkin Museum,Серебряная нить. Графика Ирины Семёновой (1962–2012),Серебряная нить. Графика Ирины Семёновой (1962–2012) 01 апреля – 15 мая 2015,2015,pre_2022,https://pushkinmuseum.art/events/archive/2015/exhibitions/silver_thread/index.php?lang=ru
Pushkin Museum,Вокруг Мункачи,Вокруг Мункачи 31 марта – 23 августа 2015,2015,pre_2022,https://pushkinmuseum.art/events/archive/2015/exhibitions/munkacsy/index.php?lang=ru
Pushkin Museum,"Мини-выставка мозаики, выполненной по рисункам Тонино Гуэрра","Мини-выставка мозаики, выполненной по рисункам Тонино Гуэрра 26 марта – 29 марта 2015",2015,pre_2022,https://pushkinmuseum.art/events/archive/2015/exhibitions/guerra/index.php?lang=ru
Pushkin Museum,Техники рисунка,Техники рисунка 17 марта 2015 – 02 октября 2016,2016,pre_2022,https://pushkinmuseum.art/events/archive/2015/exhibitions/drawing/index.php?lang=ru
Pushkin Museum,Техники рисунка. Черный мел и сангина,Техники рисунка. Черный мел и сангина 17 марта – 05 апреля 2015,2015,pre_2022,https://pushkinmuseum.art/events/archive/2015/exhibitions/drawing/chalk_and_sanguine/index.php?lang=ru
Pushkin Museum,Новая жизнь старых мастеров,Новая жизнь старых мастеров 03 марта – 11 мая 2015,2015,pre_2022,https://pushkinmuseum.art/events/archive/2015/exhibitions/old_masters/index.php?lang=ru
Pushkin Museum,Техники гравюры. Японская ксилография XVIII–XIX веков,Техники гравюры. Японская ксилография XVIII–XIX веков 03 марта – 15 марта 2015,2015,pre_2022,https://pushkinmuseum.art/events/archive/2015/exhibitions/technics/xylography/index.php?lang=ru
Pushkin Museum,Техники гравюры XV-XX веков: от гравюры на дереве до шелкографии,Техники гравюры XV-XX веков: от гравюры на дереве до шелкографии 24 февраля – 31 мая 2015,2015,pre_2022,https://pushkinmuseum.art/events/archive/2015/exhibitions/technics/index.php?lang=ru
Pushkin Museum,Бумажная архитектура. Конец истории,Бумажная архитектура. Конец истории 20 февраля – 12 апреля 2015,2015,pre_2022,https://pushkinmuseum.art/events/archive/2015/exhibitions/paper/index.php?lang=ru
Pushkin Museum,Святослав Рихтер. От первого лица. К 100-летию со дня рождения,Святослав Рихтер. От первого лица. К 100-летию со дня рождения 18 февраля – 05 апреля 2015,2015,pre_2022,https://pushkinmuseum.art/events/archive/2015/exhibitions/richter/index.php?lang=ru
Pushkin Museum,Техники гравюры. Кьяроскуро,Техники гравюры. Кьяроскуро 17 февраля – 01 марта 2015,2015,pre_2022,https://pushkinmuseum.art/events/archive/2015/exhibitions/technics/chiaroscuro/index.php?lang=ru
Pushkin Museum,Пауль Клее. Ни дня без линии,Пауль Клее. Ни дня без линии 16 декабря 2014 – 01 марта 2015,2015,pre_2022,https://pushkinmuseum.art/events/archive/2014/exhibitions/klee/index.php?lang=ru
Pushkin Museum,Выставка «Галантные игры». Французская гравюра эпохи Рококо из собрания ГМИИ им. А.С. Пушкина,Выставка «Галантные игры». Французская гравюра эпохи Рококо из собрания ГМИИ им. А.С. Пушкина 14 марта – 15 июня 2014,2014,pre_2022,https://pushkinmuseum.art/events/archive/2014/exhibitions/gallant_games/index.php?lang=ru
Pushkin Museum,Выставка «Древний Китай: ритуал и музыка». Бронза и лаки из собрания Музея провинции Хубэй,Выставка «Древний Китай: ритуал и музыка». Бронза и лаки из собрания Музея провинции Хубэй 04 марта – 10 апреля 2014,2014,pre_2022,https://pushkinmuseum.art/events/archive/2014/exhibitions/ancient_china/index.php?lang=ru
