source,city,date_range,year,period,raw_text,url,category
Artguide,Moscow,06.03-06.06.2026,2026,post_2022,"II международная биеннале «Искусство будущего» Мультимедиа Арт Музей, Москва Выставки",https://artguide.ru/events?full_name=&city=Moscow&start_date=&end_date=&kind=past,западное искусство
Artguide,Moscow,13.02-24.05.2026,2026,post_2022,Под маской Музей русского импрессионизма Выставки,https://artguide.ru/events?full_name=&city=Moscow&start_date=&end_date=&kind=past,национальное российское искусство
Artguide,Moscow,30.01-17.05.2026,2026,post_2022,Заграница — это миф?! Музейный центр «Масловка. Городок художников» Выставки,https://artguide.ru/events?full_name=&city=Moscow&start_date=&end_date=&kind=past,западное искусство
Artguide,Moscow,18.02-17.05.2026,2026,post_2022,Король шутов и дураков Центр Вознесенского Выставки,https://artguide.ru/events?full_name=&city=Moscow&start_date=&end_date=&kind=past,национальное российское искусство
Artguide,Moscow,19.12-17.05.2026,2026,post_2022,"Волга. Москва. Нева. Саратовские символисты в Москве и Ленинграде 1920–1940-х Рабочий и колхозница, павильон Выставки",https://artguide.ru/events?full_name=&city=Moscow&start_date=&end_date=&kind=past,национальное российское искусство
Artguide,Moscow,12.11-12.05.2026,2026,post_2022,"Открытые студии ВИНЗАВОД, Центр современного искусства Выставки",https://artguide.ru/events?full_name=&city=Moscow&start_date=&end_date=&kind=past,западное искусство
Artguide,Moscow,26.02-11.05.2026,2026,post_2022,Громов. Живопись. Графика Île Thélème Выставки,https://artguide.ru/events?full_name=&city=Moscow&start_date=&end_date=&kind=past,национальное российское искусство
Artguide,Moscow,24.12-11.05.2026,2026,post_2022,Архетипы авангарда Государственная Третьяковская галерея (Корпус на Кадашёвской набережной) Выставки,https://artguide.ru/events?full_name=&city=Moscow&start_date=&end_date=&kind=past,западное искусство
Artguide,Moscow,13.11-03.05.2026,2026,post_2022,Нетемные века: новеллы о Средневековье и академизмах Дом культуры «ГЭС-2» Выставки,https://artguide.ru/events?full_name=&city=Moscow&start_date=&end_date=&kind=past,западное искусство
Artguide,Moscow,25.11-26.04.2026,2026,post_2022,Русский Парнас: ученые и творцы эпохи Просвещения Московский государственный объединенный музей-заповедник «Коломенское — Измайлово» (Дворец царя Алексея Михайловича) Выставки,https://artguide.ru/events?full_name=&city=Moscow&start_date=&end_date=&kind=past,национальное российское искусство
Artguide,Moscow,31.01-05.04.2026,2026,post_2022,Андрей Волков. Открытый контур PA Gallery Выставки,https://artguide.ru/events?full_name=&city=Moscow&start_date=&end_date=&kind=past,национальное российское искусство
Artguide,Moscow,19.12-29.03.2026,2026,post_2022,Конструктивизм. Траектория метода. К 100-летию ОСА Государственный музей архитектуры им. А. В. Щусева Выставки,https://artguide.ru/events?full_name=&city=Moscow&start_date=&end_date=&kind=past,западное искусство
Artguide,Moscow,18.12-29.03.2026,2026,post_2022,«Во глубине сибирских руд…» Декабристы. 200 лет истории Фонд In Artibus Выставки,https://artguide.ru/events?full_name=&city=Moscow&start_date=&end_date=&kind=past,национальное российское искусство
Artguide,Moscow,22.11-22.03.2026,2026,post_2022,Татлин. Конструкция мира Центр «Зотов» Выставки,https://artguide.ru/events?full_name=&city=Moscow&start_date=&end_date=&kind=past,западное искусство
Artguide,Moscow,09.02-22.03.2026,2026,post_2022,200 лет. Юбилейная выставка Университета им. С. Г. Строганова Парк «Зарядье» Выставки,https://artguide.ru/events?full_name=&city=Moscow&start_date=&end_date=&kind=past,национальное российское искусство
Artguide,Moscow,11.12-15.03.2026,2026,post_2022,Марк Шагал. Радость земного притяжения Государственный музей изобразительных искусств имени А.С. Пушкина,https://artguide.ru/events?full_name=&city=Moscow&start_date=&end_date=&kind=past,западное искусство
Artguide,Moscow,25.06-15.03.2026,2026,post_2022,Быть в материале Музей-заповедник «Царицыно» Выставки,https://artguide.ru/events?full_name=&city=Moscow&start_date=&end_date=&kind=past&page=2,национальное российское искусство
Artguide,Moscow,18.12-08.03.2026,2026,post_2022,"Люди, куклы, маски. Театр Дальнего Востока и Юго-Восточной Азии Государственный музей Востока Выставки",https://artguide.ru/events?full_name=&city=Moscow&start_date=&end_date=&kind=past&page=2,восточное искусство
Artguide,Moscow,21.11-06.03.2026,2026,post_2022,Архивация настоящего 2.0 Арт-пространство «Артемьев» Выставки,https://artguide.ru/events?full_name=&city=Moscow&start_date=&end_date=&kind=past&page=2,национальное российское искусство
Artguide,Moscow,19.11-23.02.2026,2026,post_2022,Из Пекина в Москву: диалог культур Государственная Третьяковская галерея Выставки,https://artguide.ru/events?full_name=&city=Moscow&start_date=&end_date=&kind=past&page=2,восточное искусство
Artguide,Moscow,19.12-21.02.2026,2026,post_2022,"Лев Повзнер. «Куда ночь, туда и сон» Alina Pinsky Gallery Выставки",https://artguide.ru/events?full_name=&city=Moscow&start_date=&end_date=&kind=past&page=2,национальное российское искусство
Artguide,Moscow,16.01-15.02.2026,2026,post_2022,Искусство труда Пространство «Хлебозавод» Выставки,https://artguide.ru/events?full_name=&city=Moscow&start_date=&end_date=&kind=past&page=2,национальное российское искусство
Artguide,Moscow,12.11-01.02.2026,2026,post_2022,Выставка номинантов VI Московской арт-премии Парк «Зарядье» Выставки,https://artguide.ru/events?full_name=&city=Moscow&start_date=&end_date=&kind=past&page=2,национальное российское искусство
Artguide,Moscow,04.10-01.02.2026,2026,post_2022,"Образ Москвы в русском искусстве ВДНХ, Павильон №1 («Центральный») Выставки",https://artguide.ru/events?full_name=&city=Moscow&start_date=&end_date=&kind=past&page=2,национальное российское искусство
Artguide,Moscow,07.11-01.02.2026,2026,post_2022,Архитекторы братья Веснины. Начало Государственный музей архитектуры им. А. В. Щусева Выставки,https://artguide.ru/events?full_name=&city=Moscow&start_date=&end_date=&kind=past&page=2,национальное российское искусство
Artguide,Moscow,25.12-25.01.2026,2026,post_2022,"Алексей Веселовский. Река времени Мультимедиа Арт Музей, Москва Выставки",https://artguide.ru/events?full_name=&city=Moscow&start_date=&end_date=&kind=past&page=2,национальное российское искусство
Artguide,Moscow,16.10-25.01.2026,2026,post_2022,Свой человек. Владимир Гиляровский Музей русского импрессионизма Выставки,https://artguide.ru/events?full_name=&city=Moscow&start_date=&end_date=&kind=past&page=2,национальное российское искусство
Artguide,Moscow,25.09-25.01.2026,2026,post_2022,Сергей Эйзенштейн. Бесконечный человек Государственный музейно-выставочный центр «РОСИЗО» Выставки,https://artguide.ru/events?full_name=&city=Moscow&start_date=&end_date=&kind=past&page=2,национальное российское искусство
Artguide,Moscow,04.09-18.01.2026,2026,post_2022,Путь к авангарду: диалоги художников в журнале «А — Я» Центр «Зотов» Выставки,https://artguide.ru/events?full_name=&city=Moscow&start_date=&end_date=&kind=past&page=2,западное искусство
Artguide,Moscow,10.06-18.01.2026,2026,post_2022,Карл Брюллов. Рим — Москва — Петербург Новая Третьяковка Выставки,https://artguide.ru/events?full_name=&city=Moscow&start_date=&end_date=&kind=past&page=2,национальное российское искусство
Artguide,Moscow,08.10-18.01.2026,2026,post_2022,Светлая оттепель Центр Вознесенского Выставки,https://artguide.ru/events?full_name=&city=Moscow&start_date=&end_date=&kind=past&page=2,национальное российское искусство
Artguide,Moscow,23.09-18.01.2026,2026,post_2022,"Выбор Марии Бессоновой Государственный музей изобразительных искусств имени А.С. Пушкина, Галерея искусства стран Европы и Америки XIX–XX веков",https://artguide.ru/events?full_name=&city=Moscow&start_date=&end_date=&kind=past&page=2,западное искусство
Artguide,Moscow,02.12-17.01.2026,2026,post_2022,Dies Illa Музей «ЗИЛАРТ» Выставки,https://artguide.ru/events?full_name=&city=Moscow&start_date=&end_date=&kind=past&page=3,национальное российское искусство
Artguide,Moscow,30.10-11.01.2026,2026,post_2022,"НИИ Архив. Это было со мной ВИНЗАВОД, Центр современного искусства Выставки",https://artguide.ru/events?full_name=&city=Moscow&start_date=&end_date=&kind=past&page=3,западное искусство
Artguide,Moscow,25.09-08.01.2026,2026,post_2022,Краснопевцев. Равновесие неравного Центр современного искусства AZ/ART Выставки,https://artguide.ru/events?full_name=&city=Moscow&start_date=&end_date=&kind=past&page=3,западное искусство
Artguide,Moscow,01.01-31.12.2025,2025,post_2022,Открытое хранение Музей современного искусства «Гараж» Выставки,https://artguide.ru/events?full_name=&city=Moscow&start_date=&end_date=&kind=past&page=3,западное искусство
Artguide,Moscow,30.05-22.12.2025,2025,post_2022,Иконы советского периода Московский государственный объединенный музей-заповедник «Коломенское — Измайлово» Выставки,https://artguide.ru/events?full_name=&city=Moscow&start_date=&end_date=&kind=past&page=3,национальное российское искусство
Artguide,Moscow,02.10-07.12.2025,2025,post_2022,За пределами формы PA Gallery Выставки,https://artguide.ru/events?full_name=&city=Moscow&start_date=&end_date=&kind=past&page=3,западное искусство
Artguide,Moscow,19.09-30.11.2025,2025,post_2022,"Ирина Затуловская. Жизнь Московский музей современного искусства, Гоголевский Выставки",https://artguide.ru/events?full_name=&city=Moscow&start_date=&end_date=&kind=past&page=3,национальное российское искусство
Artguide,Moscow,18.09-30.11.2025,2025,post_2022,Непрерывный художник. Живопись Александра Осмеркина Фонд In Artibus Выставки,https://artguide.ru/events?full_name=&city=Moscow&start_date=&end_date=&kind=past&page=3,западное искусство
Artguide,Moscow,27.09-30.11.2025,2025,post_2022,"Аня Желудь. Вдох выдох Мультимедиа Арт Музей, Москва Выставки",https://artguide.ru/events?full_name=&city=Moscow&start_date=&end_date=&kind=past&page=3,национальное российское искусство
Artguide,Moscow,29.06-23.11.2025,2025,post_2022,Искусство для царя Московский государственный объединенный музей-заповедник «Коломенское — Измайлово» (Атриум) Выставки,https://artguide.ru/events?full_name=&city=Moscow&start_date=&end_date=&kind=past&page=3,национальное российское искусство
Artguide,Moscow,21.10-22.11.2025,2025,post_2022,Светает под ситцем XL Галерея Выставки,https://artguide.ru/events?full_name=&city=Moscow&start_date=&end_date=&kind=past&page=3,западное искусство
Artguide,Moscow,24.04-16.11.2025,2025,post_2022,Ольга Чернышева. Улица Сна Дом культуры «ГЭС-2» Выставки,https://artguide.ru/events?full_name=&city=Moscow&start_date=&end_date=&kind=past&page=3,национальное российское искусство
Artguide,Moscow,09.09-15.11.2025,2025,post_2022,Muzalevsky Alina Pinsky Gallery Выставки,https://artguide.ru/events?full_name=&city=Moscow&start_date=&end_date=&kind=past&page=3,национальное российское искусство
Artguide,Moscow,13.09-31.10.2025,2025,post_2022,Телесность и метафизическая отчужденность Space Four Выставки,https://artguide.ru/events?full_name=&city=Moscow&start_date=&end_date=&kind=past&page=3,национальное российское искусство
Artguide,Moscow,26.08-26.10.2025,2025,post_2022,"Белый храм. История Георгиевского собора «и созда ю чюдну, резным каменем» Государственный музей архитектуры им. А. В. Щусева Выставки",https://artguide.ru/events?full_name=&city=Moscow&start_date=&end_date=&kind=past&page=3,восточное искусство
Artguide,Moscow,17.06-26.10.2025,2025,post_2022,Илья Машков. Авангард. Китч. Классика Государственная Третьяковская галерея (Корпус на Кадашёвской набережной),https://artguide.ru/events?full_name=&city=Moscow&start_date=&end_date=&kind=past&page=3,западное искусство
Artguide,Moscow,31.05-19.10.2025,2025,post_2022,Елизавета Кругликова и вокруг Государственная Третьяковская галерея Выставки,https://artguide.ru/events?full_name=&city=Moscow&start_date=&end_date=&kind=past&page=4,национальное российское искусство
Artguide,Moscow,10.07-19.10.2025,2025,post_2022,Если бы стены стали водой. Лина Бо Барди Дом культуры «ГЭС-2» Выставки,https://artguide.ru/events?full_name=&city=Moscow&start_date=&end_date=&kind=past&page=4,западное искусство
Artguide,Moscow,02.09-14.10.2025,2025,post_2022,Are you ready for the future? Из коллекции Пьера-Кристиана Броше HSE ART Gallery Выставки,https://artguide.ru/events?full_name=&city=Moscow&start_date=&end_date=&kind=past&page=4,западное искусство
Artguide,Moscow,28.08-12.10.2025,2025,post_2022,"Курс на север Государственный музей изобразительных искусств имени А.С. Пушкина, Галерея искусства стран Европы и Америки XIX–XX веков Выставки",https://artguide.ru/events?full_name=&city=Moscow&start_date=&end_date=&kind=past&page=4,западное искусство
Artguide,Moscow,01.07-12.10.2025,2025,post_2022,Не только Брейгель. Нидерландская гравюра XVI века из собраний Москвы и Санкт-Петербурга Государственный музей изобразительных искусств имени А.С. Пушкина Выставки,https://artguide.ru/events?full_name=&city=Moscow&start_date=&end_date=&kind=past&page=4,западное искусство
Artguide,Moscow,28.06-05.10.2025,2025,post_2022,«Бенгальская народная живопись Индии» Традарт Выставки,https://artguide.ru/events?full_name=&city=Moscow&start_date=&end_date=&kind=past&page=4,восточное искусство
Artguide,Moscow,18.09-02.10.2025,2025,post_2022,Фестиваль обретенных фильмов Дом культуры «ГЭС-2» ,https://artguide.ru/events?full_name=&city=Moscow&start_date=&end_date=&kind=past&page=4,национальное российское искусство
Artguide,Moscow,16.10-01.10.2025,2025,post_2022,Византийская симфония. Сокровища земные и небесные Музей Международного нумизматического клуба Выставки,https://artguide.ru/events?full_name=&city=Moscow&start_date=&end_date=&kind=past&page=4,восточное искусство
Artguide,Moscow,07.09-01.10.2025,2025,post_2022,Хлебников / Митурич. Законы правительства нашей звезды Галеев-Галерея Выставки,https://artguide.ru/events?full_name=&city=Moscow&start_date=&end_date=&kind=past&page=4,национальное российское искусство
Artguide,Moscow,28.08-30.09.2025,2025,post_2022,Cabinet des Modes Lobby Moscow Выставки,https://artguide.ru/events?full_name=&city=Moscow&start_date=&end_date=&kind=past&page=4,национальное российское искусство
Artguide,Moscow,12.03-30.09.2025,2025,post_2022,"12 сезон Открытых студий Винзавода ВИНЗАВОД, Центр современного искусства Выставки",https://artguide.ru/events?full_name=&city=Moscow&start_date=&end_date=&kind=past&page=4,западное искусство
Artguide,Moscow,17.04-28.09.2025,2025,post_2022,Путь на Восток. Русские художники в Центральной Азии Новая Третьяковка Выставки,https://artguide.ru/events?full_name=&city=Moscow&start_date=&end_date=&kind=past&page=4,восточное искусство
Artguide,Moscow,28.03-28.09.2025,2025,post_2022,"Товарищ Наркомпрос! Музейный центр «Зубовский, 15» Выставки",https://artguide.ru/events?full_name=&city=Moscow&start_date=&end_date=&kind=past&page=4,национальное российское искусство
Artguide,Moscow,03.04-28.09.2025,2025,post_2022,"Не слитно, не раздельно Дом культуры «ГЭС-2» Выставки",https://artguide.ru/events?full_name=&city=Moscow&start_date=&end_date=&kind=past&page=4,западное искусство
Artguide,Moscow,18.06-28.09.2025,2025,post_2022,Русские дикие Музей русского импрессионизма Выставки,https://artguide.ru/events?full_name=&city=Moscow&start_date=&end_date=&kind=past&page=4,национальное российское искусство
Artguide,Moscow,30.04-28.09.2025,2025,post_2022,Борис Кустодиев Государственная Третьяковская галерея (Инженерный корпус),https://artguide.ru/events?full_name=&city=Moscow&start_date=&end_date=&kind=past&page=4,национальное российское искусство
Artguide,Moscow,09.07-16.09.2025,2025,post_2022,Иван Клюн. Цветоформы. Лаборатория художника Московский музей современного искусства в Ермолаевском переулке Выставки,https://artguide.ru/events?full_name=&city=Moscow&start_date=&end_date=&kind=past&page=5,западное искусство
Artguide,Moscow,11.07-15.09.2025,2025,post_2022,Энергия мечты Паркинг Галерея Выставки,https://artguide.ru/events?full_name=&city=Moscow&start_date=&end_date=&kind=past&page=5,национальное российское искусство
Artguide,Moscow,12.07-14.09.2025,2025,post_2022,Slowed and reverbed PA Gallery Выставки,https://artguide.ru/events?full_name=&city=Moscow&start_date=&end_date=&kind=past&page=5,национальное российское искусство
Artguide,Moscow,24.04-07.09.2025,2025,post_2022,Подвиг музея Государственный музей изобразительных искусств имени А.С. Пушкина Выставки,https://artguide.ru/events?full_name=&city=Moscow&start_date=&end_date=&kind=past&page=5,национальное российское искусство
Artguide,Moscow,10.06-07.09.2025,2025,post_2022,Искусство за закрытыми дверями. Квартирные выставки 1960–1980-х Государственный музейно-выставочный центр «РОСИЗО» Выставки,https://artguide.ru/events?full_name=&city=Moscow&start_date=&end_date=&kind=past&page=5,национальное российское искусство
Artguide,Moscow,03.06-31.08.2025,2025,post_2022,"Борис Мессерер. Калейдоскоп времени Московский музей современного искусства, Гоголевский Выставки",https://artguide.ru/events?full_name=&city=Moscow&start_date=&end_date=&kind=past&page=5,западное искусство
Artguide,Moscow,15.05-28.08.2025,2025,post_2022,Persona Alina Pinsky Gallery Выставки,https://artguide.ru/events?full_name=&city=Moscow&start_date=&end_date=&kind=past&page=5,национальное российское искусство
Artguide,Moscow,29.04-24.08.2025,2025,post_2022,Между Парижем и Москвой. Александра Бычкова и Сергей Кольцов Музей Москвы Выставки,https://artguide.ru/events?full_name=&city=Moscow&start_date=&end_date=&kind=past&page=5,западное искусство
Artguide,Moscow,11.04-03.08.2025,2025,post_2022,"Танец ХХ века. Матисс, Малевич, Дягилев, Кандинский и другие Еврейский музей и центр толерантности Выставки",https://artguide.ru/events?full_name=&city=Moscow&start_date=&end_date=&kind=past&page=5,восточное искусство
Artguide,Moscow,25.05-20.07.2025,2025,post_2022,Начинаем творческую дискуссию. Конструктивистская фотография РОПФа и «Октября» Центр «Зотов» Выставки,https://artguide.ru/events?full_name=&city=Moscow&start_date=&end_date=&kind=past&page=5,западное искусство
Artguide,Moscow,14.03-13.07.2025,2025,post_2022,1775 год. Триумф Екатерины. Публичное и личное Государственный музей архитектуры им. А. В. Щусева Выставки,https://artguide.ru/events?full_name=&city=Moscow&start_date=&end_date=&kind=past&page=5,национальное российское искусство
Artguide,Moscow,23.05-06.07.2025,2025,post_2022,Абзац PA Gallery Выставки,https://artguide.ru/events?full_name=&city=Moscow&start_date=&end_date=&kind=past&page=5,национальное российское искусство
Artguide,Moscow,04.06-04.07.2025,2025,post_2022,Paranormal Phenomena Галерея a—s—t—r—a Выставки,https://artguide.ru/events?full_name=&city=Moscow&start_date=&end_date=&kind=past&page=5,национальное российское искусство
Artguide,Moscow,24.04-29.06.2025,2025,post_2022,"Границы видимости ВИНЗАВОД, Центр современного искусства Выставки",https://artguide.ru/events?full_name=&city=Moscow&start_date=&end_date=&kind=past&page=5,западное искусство
Artguide,Moscow,05.03-29.06.2025,2025,post_2022,Загадки житийных икон Московский государственный объединенный музей-заповедник «Коломенское — Измайлово» (Дворец царя Алексея Михайловича) Выставки,https://artguide.ru/events?full_name=&city=Moscow&start_date=&end_date=&kind=past&page=5,национальное российское искусство
Artguide,Moscow,26.04-22.06.2025,2025,post_2022,Гариф Басыров. ,https://artguide.ru/events?full_name=&city=Moscow&start_date=&end_date=&kind=past&page=5,национальное российское искусство
Artguide,Moscow,30.05-18.06.2025,2025,post_2022,«Феерия водных стихий» Atelier CHOUTKO Выставки,https://artguide.ru/events?full_name=&city=Moscow&start_date=&end_date=&kind=past&page=6,восточное искусство
Artguide,Moscow,05.03-01.06.2025,2025,post_2022,"Наталия Турнова. Непарадный портрет Мультимедиа Арт Музей, Москва Выставки",https://artguide.ru/events?full_name=&city=Moscow&start_date=&end_date=&kind=past&page=6,национальное российское искусство
Artguide,Moscow,14.02-01.06.2025,2025,post_2022,Изображая воздух. Русский импрессионизм Музей русского импрессионизма Выставки,https://artguide.ru/events?full_name=&city=Moscow&start_date=&end_date=&kind=past&page=6,национальное российское искусство
Artguide,Moscow,21.02-25.05.2025,2025,post_2022,Любовь в авангарде. Михаил Матюшин и Елена Гуро Центр «Зотов» Выставки,https://artguide.ru/events?full_name=&city=Moscow&start_date=&end_date=&kind=past&page=6,западное искусство
Artguide,Moscow,20.03-20.05.2025,2025,post_2022,Источник питания Stella Art Foundation Выставки,https://artguide.ru/events?full_name=&city=Moscow&start_date=&end_date=&kind=past&page=6,национальное российское искусство
Artguide,Moscow,02.04-18.05.2025,2025,post_2022,Фотохудожник Юрий Петрович Ерёмин (1881–1948) Музей-заповедник «Архангельское» Выставки,https://artguide.ru/events?full_name=&city=Moscow&start_date=&end_date=&kind=past&page=6,национальное российское искусство
Artguide,Moscow,18.01-18.05.2025,2025,post_2022,Зеленые дворцы. Пять веков регулярного парка Музей-заповедник «Царицыно» Выставки,https://artguide.ru/events?full_name=&city=Moscow&start_date=&end_date=&kind=past&page=6,национальное российское искусство
Artguide,Moscow,19.02-18.05.2025,2025,post_2022,Темная Оттепель Центр Вознесенского Выставки,https://artguide.ru/events?full_name=&city=Moscow&start_date=&end_date=&kind=past&page=6,национальное российское искусство
Artguide,Moscow,04.12-11.05.2025,2025,post_2022,Виктор Попков Государственная Третьяковская галерея (Корпус на Кадашёвской набережной) Выставки,https://artguide.ru/events?full_name=&city=Moscow&start_date=&end_date=&kind=past&page=6,национальное российское искусство
Artguide,Moscow,17.04-09.05.2025,2025,post_2022,Run(a)way SISTEMA GALLERY Выставки,https://artguide.ru/events?full_name=&city=Moscow&start_date=&end_date=&kind=past&page=6,национальное российское искусство
Artguide,Moscow,21.03-04.05.2025,2025,post_2022,Репортаж с элементами чудес Галерея на Шаболовке Выставки,https://artguide.ru/events?full_name=&city=Moscow&start_date=&end_date=&kind=past&page=6,национальное российское искусство
Artguide,Moscow,26.02-22.04.2025,2025,post_2022,"Вперед, к Злотникову! ГРАУНД Солянка Выставки",https://artguide.ru/events?full_name=&city=Moscow&start_date=&end_date=&kind=past&page=6,национальное российское искусство
Artguide,Moscow,20.03-20.04.2025,2025,post_2022,Походный иконостас Музей древнерусской культуры и искусства им. Андрея Рублева Выставки,https://artguide.ru/events?full_name=&city=Moscow&start_date=&end_date=&kind=past&page=6,национальное российское искусство
Artguide,Moscow,18.10-15.04.2025,2025,post_2022,Вещи и видения Московский музей современного искусства на Петровке Выставки,https://artguide.ru/events?full_name=&city=Moscow&start_date=&end_date=&kind=past&page=6,западное искусство
Artguide,Moscow,11.03-13.04.2025,2025,post_2022,Желтая тетрадь Галерея a—s—t—r—a Выставки,https://artguide.ru/events?full_name=&city=Moscow&start_date=&end_date=&kind=past&page=6,национальное российское искусство
Artguide,Moscow,21.01-13.04.2025,2025,post_2022,Франциско Инфанте. Метафоры бесконечности Новая Третьяковка,https://artguide.ru/events?full_name=&city=Moscow&start_date=&end_date=&kind=past&page=6,западное искусство
Artguide,Moscow,31.01-13.04.2025,2025,post_2022,Искусство в масштабе. Монументальная живопись Москвы Музей Москвы Выставки,https://artguide.ru/events?full_name=&city=Moscow&start_date=&end_date=&kind=past&page=7,национальное российское искусство
Artguide,Moscow,25.01-13.04.2025,2025,post_2022,Кабинет галериста PA Gallery Выставки,https://artguide.ru/events?full_name=&city=Moscow&start_date=&end_date=&kind=past&page=7,национальное российское искусство
Artguide,Moscow,12.12-30.03.2025,2025,post_2022,Генератор счастливых случайностей Дом культуры «ГЭС-2» Выставки,https://artguide.ru/events?full_name=&city=Moscow&start_date=&end_date=&kind=past&page=7,национальное российское искусство
Artguide,Moscow,28.03-30.03.2025,2025,post_2022,Изучать. Творить. Создавать. Строгановская школа керамики ХХ–XXI Московский государственный объединенный музей-заповедник «Коломенское — Измайлово» Выставки,https://artguide.ru/events?full_name=&city=Moscow&start_date=&end_date=&kind=past&page=7,национальное российское искусство
Artguide,Moscow,22.11-23.03.2025,2025,post_2022,Русское невероятное Центр «Зотов» Выставки,https://artguide.ru/events?full_name=&city=Moscow&start_date=&end_date=&kind=past&page=7,национальное российское искусство
Artguide,Moscow,25.12-23.03.2025,2025,post_2022,Наталья Нестерова. Истории и ребусы Новая Третьяковка Выставки,https://artguide.ru/events?full_name=&city=Moscow&start_date=&end_date=&kind=past&page=7,национальное российское искусство
Artguide,Moscow,11.12-23.03.2025,2025,post_2022,Игорь Самолет. Архитектура отношений Дом Наркомфина Выставки,https://artguide.ru/events?full_name=&city=Moscow&start_date=&end_date=&kind=past&page=7,национальное российское искусство
Artguide,Moscow,26.11-16.03.2025,2025,post_2022,"Неизвестный Щукин. Не только новое искусство Государственный музей изобразительных искусств имени А.С. Пушкина, Галерея искусства стран Европы и Америки XIX–XX веков Выставки",https://artguide.ru/events?full_name=&city=Moscow&start_date=&end_date=&kind=past&page=7,западное искусство
Artguide,Moscow,20.12-09.03.2025,2025,post_2022,Формула Гжели Всероссийский музей декоративного искусства Выставки,https://artguide.ru/events?full_name=&city=Moscow&start_date=&end_date=&kind=past&page=7,национальное российское искусство
Artguide,Moscow,06.12-06.03.2025,2025,post_2022,Введенский Галеев-Галерея Выставки,https://artguide.ru/events?full_name=&city=Moscow&start_date=&end_date=&kind=past&page=7,национальное российское искусство
Artguide,Moscow,23.01-02.03.2025,2025,post_2022,"Сергей Эйзенштейн. Контуры замысла Веллум, галерея Выставки",https://artguide.ru/events?full_name=&city=Moscow&start_date=&end_date=&kind=past&page=7,западное искусство
Artguide,Moscow,03.11-27.02.2025,2025,post_2022,"Люба, Любочка. Любовь Сергеевна Попова. 1889–1924 Еврейский музей и центр толерантности Выставки",https://artguide.ru/events?full_name=&city=Moscow&start_date=&end_date=&kind=past&page=7,восточное искусство
Artguide,Moscow,12.12-24.02.2025,2025,post_2022,Святая семья в религиозном искусстве XI–XX веков Музей древнерусской культуры и искусства им. Андрея Рублева Выставки,https://artguide.ru/events?full_name=&city=Moscow&start_date=&end_date=&kind=past&page=7,национальное российское искусство
Artguide,Moscow,29.11-23.02.2025,2025,post_2022,Дмитрий Жилинский. Личное Государственный музейно-выставочный центр «РОСИЗО» Выставки,https://artguide.ru/events?full_name=&city=Moscow&start_date=&end_date=&kind=past&page=7,национальное российское искусство
Artguide,Moscow,21.11-22.02.2025,2025,post_2022,Вокруг Кармен Мемориальная квартира Святослава Рихтера Выставки,https://artguide.ru/events?full_name=&city=Moscow&start_date=&end_date=&kind=past&page=7,национальное российское искусство
Artguide,Moscow,20.12-16.02.2025,2025,post_2022,"Выставки Алисы Гореловой, Андрея Сяйлева и Анны Казьминой ГРАУНД Солянка",https://artguide.ru/events?full_name=&city=Moscow&start_date=&end_date=&kind=past&page=7,национальное российское искусство
Artguide,Moscow,08.10-16.02.2025,2025,post_2022,"Небесный город. Мастерская художника Мультимедиа Арт Музей, Москва Выставки",https://artguide.ru/events?full_name=&city=Moscow&start_date=&end_date=&kind=past&page=8,национальное российское искусство
Artguide,Moscow,06.12-15.02.2025,2025,post_2022,Трикстер Alina Pinsky Gallery Выставки,https://artguide.ru/events?full_name=&city=Moscow&start_date=&end_date=&kind=past&page=8,западное искусство
Artguide,Moscow,12.12-09.02.2025,2025,post_2022,Videobrasil. Перевод не требуется. Сорок лет видео-арта и перформанса Дом культуры «ГЭС-2» Выставки,https://artguide.ru/events?full_name=&city=Moscow&start_date=&end_date=&kind=past&page=8,западное искусство
Artguide,Moscow,25.10-09.02.2025,2025,post_2022,Мы звуколюди! Музыка русского авангарда Российский национальный музей музыки Выставки,https://artguide.ru/events?full_name=&city=Moscow&start_date=&end_date=&kind=past&page=8,национальное российское искусство
Artguide,Moscow,17.01-07.02.2025,2025,post_2022,Искусство труда Новая Третьяковка Выставки,https://artguide.ru/events?full_name=&city=Moscow&start_date=&end_date=&kind=past&page=8,национальное российское искусство
Artguide,Moscow,24.10-26.01.2025,2025,post_2022,Новое общество художников Музей русского импрессионизма Выставки,https://artguide.ru/events?full_name=&city=Moscow&start_date=&end_date=&kind=past&page=8,национальное российское искусство
Artguide,Moscow,05.11-25.01.2025,2025,post_2022,Метаморфозы Интерьерное ателье «Частная резиденция» Выставки,https://artguide.ru/events?full_name=&city=Moscow&start_date=&end_date=&kind=past&page=8,национальное российское искусство
Artguide,Moscow,06.09-19.01.2025,2025,post_2022,От утопии к театру Центр «Зотов» Выставки,https://artguide.ru/events?full_name=&city=Moscow&start_date=&end_date=&kind=past&page=8,западное искусство
Artguide,Moscow,16.11-19.01.2025,2025,post_2022,"НИИ Архив. Ремонтаж ВИНЗАВОД, Центр современного искусства Выставки",https://artguide.ru/events?full_name=&city=Moscow&start_date=&end_date=&kind=past&page=8,западное искусство
Artguide,Moscow,01.11-15.01.2025,2025,post_2022,Кукрыниксы Манеж Выставки,https://artguide.ru/events?full_name=&city=Moscow&start_date=&end_date=&kind=past&page=8,национальное российское искусство
Artguide,Moscow,19.09-12.01.2025,2025,post_2022,Парадокс береговой линии Дом культуры «ГЭС-2» Выставки,https://artguide.ru/events?full_name=&city=Moscow&start_date=&end_date=&kind=past&page=8,западное искусство
Artguide,Moscow,11.06-12.01.2025,2025,post_2022,Люди и фонды Музей-заповедник «Царицыно» Выставки,https://artguide.ru/events?full_name=&city=Moscow&start_date=&end_date=&kind=past&page=8,национальное российское искусство
Artguide,Moscow,11.09-12.01.2025,2025,post_2022,Иосиф Бродский. Место не хуже любого Еврейский музей и центр толерантности Выставки,https://artguide.ru/events?full_name=&city=Moscow&start_date=&end_date=&kind=past&page=8,восточное искусство
Artguide,Moscow,11.12-08.01.2025,2025,post_2022,"Inside The Dollhouse ВИНЗАВОД, Центр современного искусства Выставки",https://artguide.ru/events?full_name=&city=Moscow&start_date=&end_date=&kind=past&page=8,западное искусство
Artguide,Moscow,21.11-05.01.2025,2025,post_2022,Совпадение горизонта. Владимир Мигачев и Александр Кабин Галерея ArtStory Выставки,https://artguide.ru/events?full_name=&city=Moscow&start_date=&end_date=&kind=past&page=8,национальное российское искусство
Artguide,Moscow,07.10-10.12.2024,2024,post_2022,Наука реставрации — опыт поколений Выставочный зал ВХНРЦ им. академика И.Э. Грабаря,https://artguide.ru/events?full_name=&city=Moscow&start_date=&end_date=&kind=past&page=8,национальное российское искусство
Artguide,Moscow,05.10-08.12.2024,2024,post_2022,Витрина PA Gallery Выставки,https://artguide.ru/events?full_name=&city=Moscow&start_date=&end_date=&kind=past&page=9,национальное российское искусство
Artguide,Moscow,08.11-26.11.2024,2024,post_2022,Теплота Atelier CHOUTKO Выставки,https://artguide.ru/events?full_name=&city=Moscow&start_date=&end_date=&kind=past&page=9,восточное искусство
Artguide,Moscow,03.10-24.11.2024,2024,post_2022,"Владимир Куприянов. Возвращение времени Московский музей современного искусства, Гоголевский Выставки",https://artguide.ru/events?full_name=&city=Moscow&start_date=&end_date=&kind=past&page=9,национальное российское искусство
Artguide,Moscow,26.09-24.11.2024,2024,post_2022,Русский антиминс. Гравюра на ткани XVII–XIX веков Музей древнерусской культуры и искусства им. Андрея Рублева Выставки,https://artguide.ru/events?full_name=&city=Moscow&start_date=&end_date=&kind=past&page=9,национальное российское искусство
Artguide,Moscow,24.10-19.11.2024,2024,post_2022,«Золотой век “Русских балетов”: Le Grand Pas de l'Art» Altmans Gallery Выставки,https://artguide.ru/events?full_name=&city=Moscow&start_date=&end_date=&kind=past&page=9,национальное российское искусство
Artguide,Moscow,04.09-17.11.2024,2024,post_2022,Восточный музей Петра Щукина Государственный музей Востока Выставки,https://artguide.ru/events?full_name=&city=Moscow&start_date=&end_date=&kind=past&page=9,восточное искусство
Artguide,Moscow,05.09-17.11.2024,2024,post_2022,Мир искусства Бориса Усова Центр Вознесенского Выставки,https://artguide.ru/events?full_name=&city=Moscow&start_date=&end_date=&kind=past&page=9,национальное российское искусство
Artguide,Moscow,20.09-17.11.2024,2024,post_2022,Сотворение мифа Фонд культуры «ЕКАТЕРИНА» Выставки,https://artguide.ru/events?full_name=&city=Moscow&start_date=&end_date=&kind=past&page=9,национальное российское искусство
Artguide,Moscow,12.09-12.11.2024,2024,post_2022,Вера в Ермолаеву Галеев-Галерея Выставки,https://artguide.ru/events?full_name=&city=Moscow&start_date=&end_date=&kind=past&page=9,национальное российское искусство
Artguide,Moscow,18.09-10.11.2024,2024,post_2022,Форма-арт. Свет Государственный музейно-выставочный центр «РОСИЗО» Выставки,https://artguide.ru/events?full_name=&city=Moscow&start_date=&end_date=&kind=past&page=9,национальное российское искусство
Artguide,Moscow,05.10-03.11.2024,2024,post_2022,Люся Воронова. Ирга Ламарка Всероссийский музей декоративного искусства Выставки,https://artguide.ru/events?full_name=&city=Moscow&start_date=&end_date=&kind=past&page=9,национальное российское искусство
Artguide,Moscow,22.08-03.11.2024,2024,post_2022,Катя Рыблова. Переход цвета Дом Наркомфина Выставки,https://artguide.ru/events?full_name=&city=Moscow&start_date=&end_date=&kind=past&page=9,западное искусство
Artguide,Moscow,20.06-27.10.2024,2024,post_2022,Квадрат и пространство. От Малевича до ГЭС-2 Дом культуры «ГЭС-2» Выставки,https://artguide.ru/events?full_name=&city=Moscow&start_date=&end_date=&kind=past&page=9,западное искусство
Artguide,Moscow,09.08-20.10.2024,2024,post_2022,Мем. Маяковский медиа Центр «Зотов» Выставки,https://artguide.ru/events?full_name=&city=Moscow&start_date=&end_date=&kind=past&page=9,западное искусство
Artguide,Moscow,26.10-20.10.2024,2024,post_2022,Во имя промысла. Художественные промыслы России. Имена ХХ века Всероссийский музей декоративного искусства Выставки,https://artguide.ru/events?full_name=&city=Moscow&start_date=&end_date=&kind=past&page=9,национальное российское искусство
Artguide,Moscow,27.08-19.10.2024,2024,post_2022,Кое-что о цветах Alina Pinsky Gallery,https://artguide.ru/events?full_name=&city=Moscow&start_date=&end_date=&kind=past&page=9,национальное российское искусство
Artguide,Moscow,13.09-13.10.2024,2024,post_2022,Цветное vs. черно-белое Галерея Ruarts Выставки,https://artguide.ru/events?full_name=&city=Moscow&start_date=&end_date=&kind=past&page=10,национальное российское искусство
Artguide,Moscow,28.06-13.10.2024,2024,post_2022,Основные элементы Музей-заповедник «Царицыно» Выставки,https://artguide.ru/events?full_name=&city=Moscow&start_date=&end_date=&kind=past&page=10,национальное российское искусство
Artguide,Moscow,20.06-06.10.2024,2024,post_2022,Журнал красивой жизни Музей русского импрессионизма Выставки,https://artguide.ru/events?full_name=&city=Moscow&start_date=&end_date=&kind=past&page=10,национальное российское искусство
Artguide,Moscow,17.08-29.09.2024,2024,post_2022,Универсальная картина PA Gallery Выставки,https://artguide.ru/events?full_name=&city=Moscow&start_date=&end_date=&kind=past&page=10,национальное российское искусство
Artguide,Moscow,19.07-29.09.2024,2024,post_2022,«Искусство возвышает душу…» К 165-летию со дня рождения Марии Башкирцевой Дом русского зарубежья им. Александра Солженицына Выставки,https://artguide.ru/events?full_name=&city=Moscow&start_date=&end_date=&kind=past&page=10,западное искусство
Artguide,Moscow,18.06-29.09.2024,2024,post_2022,Райский сад земной и небесный Московский государственный объединенный музей-заповедник «Коломенское — Измайлово» Выставки,https://artguide.ru/events?full_name=&city=Moscow&start_date=&end_date=&kind=past&page=10,национальное российское искусство
Artguide,Moscow,25.04-19.09.2024,2024,post_2022,Ars Sacra nova. От мифа к символу... Дом русского зарубежья им. Александра Солженицына Выставки,https://artguide.ru/events?full_name=&city=Moscow&start_date=&end_date=&kind=past&page=10,западное искусство
Artguide,Moscow,04.09-15.09.2024,2024,post_2022,Александр Панкин (1938–2020). Метаабстракция Atelier CHOUTKO Выставки,https://artguide.ru/events?full_name=&city=Moscow&start_date=&end_date=&kind=past&page=10,восточное искусство
Artguide,Moscow,21.06-15.09.2024,2024,post_2022,Конструкторы науки. К 300-летию Российской академии наук Государственный музей архитектуры им. А. В. Щусева Выставки,https://artguide.ru/events?full_name=&city=Moscow&start_date=&end_date=&kind=past&page=10,национальное российское искусство
Artguide,Moscow,20.06-08.09.2024,2024,post_2022,Живопись нитью Музей древнерусской культуры и искусства им. Андрея Рублева Выставки,https://artguide.ru/events?full_name=&city=Moscow&start_date=&end_date=&kind=past&page=10,национальное российское искусство
Artguide,Moscow,24.04-25.08.2024,2024,post_2022,Москвичка. Женщины советской столицы 1920–1930-х Музей Москвы Выставки,https://artguide.ru/events?full_name=&city=Moscow&start_date=&end_date=&kind=past&page=10,национальное российское искусство
Artguide,Moscow,28.05-25.08.2024,2024,post_2022,"Живой портрет… Волос в волос. Механическое рисование Государственный музей изобразительных искусств имени А.С. Пушкина, Галерея искусства стран Европы и Америки XIX–XX веков Выставки",https://artguide.ru/events?full_name=&city=Moscow&start_date=&end_date=&kind=past&page=10,западное искусство
Artguide,Moscow,29.06-18.08.2024,2024,post_2022,Красавицы и воины. Тиканобу Государственный музей Востока Выставки,https://artguide.ru/events?full_name=&city=Moscow&start_date=&end_date=&kind=past&page=10,восточное искусство
Artguide,Moscow,23.05-11.08.2024,2024,post_2022,Сквозь зеркало и обратно Музей-заповедник «Архангельское» Выставки,https://artguide.ru/events?full_name=&city=Moscow&start_date=&end_date=&kind=past&page=10,национальное российское искусство
Artguide,Moscow,06.06-11.08.2024,2024,post_2022,Москва — Ереван — Москва. Музей русского искусства. Коллекция А.Я. Абрамяна Государственная Третьяковская галерея (Инженерный корпус) Выставки,https://artguide.ru/events?full_name=&city=Moscow&start_date=&end_date=&kind=past&page=10,национальное российское искусство
Artguide,Moscow,25.05-11.08.2024,2024,post_2022,Мягкие ландшафты PA Gallery,https://artguide.ru/events?full_name=&city=Moscow&start_date=&end_date=&kind=past&page=10,национальное российское искусство
Artguide,Moscow,23.05-04.08.2024,2024,post_2022,"Чего ты боишься? ВИНЗАВОД, Центр современного искусства Выставки",https://artguide.ru/events?full_name=&city=Moscow&start_date=&end_date=&kind=past&page=11,западное искусство
Artguide,Moscow,16.04-28.07.2024,2024,post_2022,Всегда Зоя Центр Вознесенского Выставки,https://artguide.ru/events?full_name=&city=Moscow&start_date=&end_date=&kind=past&page=11,национальное российское искусство
Artguide,Moscow,21.05-21.07.2024,2024,post_2022,Моисей Синявер. От руины к соцгороду Галеев-Галерея Выставки,https://artguide.ru/events?full_name=&city=Moscow&start_date=&end_date=&kind=past&page=11,национальное российское искусство
Artguide,Moscow,13.04-15.07.2024,2024,post_2022,"Алексей Каллима. Теорема дождя Мультимедиа Арт Музей, Москва Выставки",https://artguide.ru/events?full_name=&city=Moscow&start_date=&end_date=&kind=past&page=11,национальное российское искусство
Artguide,Moscow,06.03-14.07.2024,2024,post_2022,Работать и жить. Архитектура конструктивизма. 1917–1937 Центр «Зотов» Выставки,https://artguide.ru/events?full_name=&city=Moscow&start_date=&end_date=&kind=past&page=11,западное искусство
Artguide,Moscow,26.03-14.07.2024,2024,post_2022,Юрий Злотников. Сигнальная система Новая Третьяковка Выставки,https://artguide.ru/events?full_name=&city=Moscow&start_date=&end_date=&kind=past&page=11,национальное российское искусство
Artguide,Moscow,04.04-30.06.2024,2024,post_2022,Дело врачей Государственный музей истории ГУЛАГа Выставки,https://artguide.ru/events?full_name=&city=Moscow&start_date=&end_date=&kind=past&page=11,национальное российское искусство
Artguide,Moscow,16.05-30.06.2024,2024,post_2022,Стежки и строчки Дом Н.В. Гоголя — мемориальный музей и научная библиотека Выставки,https://artguide.ru/events?full_name=&city=Moscow&start_date=&end_date=&kind=past&page=11,национальное российское искусство
Artguide,Moscow,26.03-30.06.2024,2024,post_2022,"От цвета к свету. К 100-летию со дня рождения Владимира Вейсберга Государственный музей изобразительных искусств имени А.С. Пушкина, Галерея искусства стран Европы и Америки XIX–XX веков Выставки",https://artguide.ru/events?full_name=&city=Moscow&start_date=&end_date=&kind=past&page=11,западное искусство
Artguide,Moscow,14.07-21.06.2024,2024,post_2022,Уроки радости и боли Дом культуры «ГЭС-2» Выставки,https://artguide.ru/events?full_name=&city=Moscow&start_date=&end_date=&kind=past&page=11,национальное российское искусство
Artguide,Moscow,06.03-09.06.2024,2024,post_2022,"Еврейский авангард. Шагал, Альтман, Штеренберг и другие Еврейский музей и центр толерантности Выставки",https://artguide.ru/events?full_name=&city=Moscow&start_date=&end_date=&kind=past&page=11,восточное искусство
Artguide,Moscow,16.04-02.06.2024,2024,post_2022,Космоопера Галерея a—s—t—r—a Выставки,https://artguide.ru/events?full_name=&city=Moscow&start_date=&end_date=&kind=past&page=11,национальное российское искусство
Artguide,Moscow,29.02-02.06.2024,2024,post_2022,Кижи. Небесное послание Московский государственный объединенный музей-заповедник «Коломенское — Измайлово» Выставки,https://artguide.ru/events?full_name=&city=Moscow&start_date=&end_date=&kind=past&page=11,национальное российское искусство
Artguide,Moscow,08.02-02.06.2024,2024,post_2022,Группа «13». В переулках эпохи Музей русского импрессионизма Выставки,https://artguide.ru/events?full_name=&city=Moscow&start_date=&end_date=&kind=past&page=11,национальное российское искусство
Artguide,Moscow,02.01-26.05.2024,2024,post_2022,Бич сатиры. Сатира в изобразительном искусстве России XIX века Музей В.А. Тропинина и московских художников его времени Выставки,https://artguide.ru/events?full_name=&city=Moscow&start_date=&end_date=&kind=past&page=11,национальное российское искусство
Artguide,Moscow,20.05-20.05.2024,2024,post_2022,Вещь! Ре/конструкция Всероссийский музей декоративного искусства,https://artguide.ru/events?full_name=&city=Moscow&start_date=&end_date=&kind=past&page=11,национальное российское искусство
Artguide,Moscow,06.04-19.05.2024,2024,post_2022,Функция. Аффект PA Gallery Выставки,https://artguide.ru/events?full_name=&city=Moscow&start_date=&end_date=&kind=past&page=12,западное искусство
Artguide,Moscow,29.03-19.05.2024,2024,post_2022,Остров Хамовники Культурный центр «Солодовня» Выставки,https://artguide.ru/events?full_name=&city=Moscow&start_date=&end_date=&kind=past&page=12,национальное российское искусство
Artguide,Moscow,15.04-13.05.2024,2024,post_2022,Двойная сплошная Малый зал Российской государственной библиотеки для молодежи Выставки,https://artguide.ru/events?full_name=&city=Moscow&start_date=&end_date=&kind=past&page=12,национальное российское искусство
Artguide,Moscow,05.09-12.05.2024,2024,post_2022,Хроники Переделкина. Записки исследователей Дом творчества Переделкино Выставки,https://artguide.ru/events?full_name=&city=Moscow&start_date=&end_date=&kind=past&page=12,национальное российское искусство
Artguide,Moscow,09.04-12.05.2024,2024,post_2022,"Это нам приснилось завтра ВИНЗАВОД, Центр современного искусства Выставки",https://artguide.ru/events?full_name=&city=Moscow&start_date=&end_date=&kind=past&page=12,западное искусство
Artguide,Moscow,12.03-11.05.2024,2024,post_2022,Поле чудес Alina Pinsky Gallery Выставки,https://artguide.ru/events?full_name=&city=Moscow&start_date=&end_date=&kind=past&page=12,национальное российское искусство
Artguide,Moscow,15.04-05.05.2024,2024,post_2022,По следам страстей Выставочный зал Московской государственной консерватории имени П.И. Чайковского Выставки,https://artguide.ru/events?full_name=&city=Moscow&start_date=&end_date=&kind=past&page=12,национальное российское искусство
Artguide,Moscow,10.11-28.04.2024,2024,post_2022,Кубок созвучий. По направлению к Розановой Дом культуры «ГЭС-2» Выставки,https://artguide.ru/events?full_name=&city=Moscow&start_date=&end_date=&kind=past&page=12,национальное российское искусство
Artguide,Moscow,09.04-28.04.2024,2024,post_2022,«Трэш-авангард» Галерея FineArt Выставки,https://artguide.ru/events?full_name=&city=Moscow&start_date=&end_date=&kind=past&page=12,западное искусство
Artguide,Moscow,08.02-28.04.2024,2024,post_2022,Поляризация: Эллина Геннадьевна и Алигьеро Боэтти Дом культуры «ГЭС-2» Выставки,https://artguide.ru/events?full_name=&city=Moscow&start_date=&end_date=&kind=past&page=12,западное искусство
Artguide,Moscow,14.03-25.04.2024,2024,post_2022,Текстильный дневник Atelier CHOUTKO Выставки,https://artguide.ru/events?full_name=&city=Moscow&start_date=&end_date=&kind=past&page=12,национальное российское искусство
Artguide,Moscow,23.02-21.04.2024,2024,post_2022,Биомеханика Мейерхольда. Актер. Кукла Галерея на Шаболовке Выставки,https://artguide.ru/events?full_name=&city=Moscow&start_date=&end_date=&kind=past&page=12,западное искусство
Artguide,Moscow,01.03-24.03.2024,2024,post_2022,Мандала Всероссийский музей декоративного искусства Выставки,https://artguide.ru/events?full_name=&city=Moscow&start_date=&end_date=&kind=past&page=12,национальное российское искусство
Artguide,Moscow,21.12-24.03.2024,2024,post_2022,Гравюрный кабинет Фрэнсиса Хаскелла Фонд In Artibus Выставки,https://artguide.ru/events?full_name=&city=Moscow&start_date=&end_date=&kind=past&page=12,западное искусство
Artguide,Moscow,26.01-17.03.2024,2024,post_2022,"Егор Кошелев. Гештальт художника или внезапная ретроспектива Московский музей современного искусства, Гоголевский Выставки",https://artguide.ru/events?full_name=&city=Moscow&start_date=&end_date=&kind=past&page=12,национальное российское искусство
Artguide,Moscow,16.12-17.03.2024,2024,post_2022,Павел Филонов. Художник Мирóвого расцвета Парк «Зарядье»,https://artguide.ru/events?full_name=&city=Moscow&start_date=&end_date=&kind=past&page=12,национальное российское искусство
Artguide,Moscow,21.02-14.03.2024,2024,post_2022,Пояс из собачьей шерсти másla lissé artist run space Выставки,https://artguide.ru/events?full_name=&city=Moscow&start_date=&end_date=&kind=past&page=13,национальное российское искусство
Artguide,Moscow,30.11-10.03.2024,2024,post_2022,Конструктивистские тенденции в творчестве Алексея Щусева. От эскизов и идей к реальности Центр Гиляровского Выставки,https://artguide.ru/events?full_name=&city=Moscow&start_date=&end_date=&kind=past&page=13,национальное российское искусство
Artguide,Moscow,10.11-10.03.2024,2024,post_2022,Закат в сто сорок солнц Дом культуры «ГЭС-2» Выставки,https://artguide.ru/events?full_name=&city=Moscow&start_date=&end_date=&kind=past&page=13,западное искусство
Artguide,Moscow,10.10-10.03.2024,2024,post_2022,Николай Рерих Новая Третьяковка Выставки,https://artguide.ru/events?full_name=&city=Moscow&start_date=&end_date=&kind=past&page=13,национальное российское искусство
Artguide,Moscow,08.02-08.03.2024,2024,post_2022,Мой маленький сад Art x Fashion Gallery Выставки,https://artguide.ru/events?full_name=&city=Moscow&start_date=&end_date=&kind=past&page=13,западное искусство
Artguide,Moscow,27.01-25.02.2024,2024,post_2022,3 × 5 PA Gallery Выставки,https://artguide.ru/events?full_name=&city=Moscow&start_date=&end_date=&kind=past&page=13,национальное российское искусство
Artguide,Moscow,27.09-25.02.2024,2024,post_2022,От иконы к авангарду Новая Третьяковка Выставки,https://artguide.ru/events?full_name=&city=Moscow&start_date=&end_date=&kind=past&page=13,западное искусство
Artguide,Moscow,20.12-25.02.2024,2024,post_2022,"Берите бумажки, столбики, деревяшки, складывайте, красьте, стройте! Образовательный центр ММОМА в Ермолаевском переулке Выставки",https://artguide.ru/events?full_name=&city=Moscow&start_date=&end_date=&kind=past&page=13,национальное российское искусство
Artguide,Moscow,25.11-11.02.2024,2024,post_2022,Пресня: выставка моей памяти Центр «Зотов» Выставки,https://artguide.ru/events?full_name=&city=Moscow&start_date=&end_date=&kind=past&page=13,западное искусство
Artguide,Moscow,07.12-05.02.2024,2024,post_2022,GROUP SHOW Alina Pinsky Gallery Выставки,https://artguide.ru/events?full_name=&city=Moscow&start_date=&end_date=&kind=past&page=13,национальное российское искусство
Artguide,Moscow,14.11-04.02.2024,2024,post_2022,"Образы Испании. Русское искусство XIX–XXI веков Государственный музей изобразительных искусств имени А.С. Пушкина, Галерея искусства стран Европы и Америки XIX–XX веков Выставки",https://artguide.ru/events?full_name=&city=Moscow&start_date=&end_date=&kind=past&page=13,западное искусство
Artguide,Moscow,13.12-04.02.2024,2024,post_2022,"Зима, и всё опять впервые Фонд культуры «ЕКАТЕРИНА» Выставки",https://artguide.ru/events?full_name=&city=Moscow&start_date=&end_date=&kind=past&page=13,национальное российское искусство
Artguide,Moscow,08.11-04.02.2024,2024,post_2022,Испанская коллекция. Из собраний российских музеев Государственный музей изобразительных искусств имени А.С. Пушкина Выставки,https://artguide.ru/events?full_name=&city=Moscow&start_date=&end_date=&kind=past&page=13,западное искусство
Artguide,Moscow,13.12-04.02.2024,2024,post_2022,Япония. Другой мир Центр визуальной культуры Béton Выставки,https://artguide.ru/events?full_name=&city=Moscow&start_date=&end_date=&kind=past&page=13,восточное искусство
Artguide,Moscow,01.11-28.01.2024,2024,post_2022,Музей духовного авангарда Центр Вознесенского Выставки,https://artguide.ru/events?full_name=&city=Moscow&start_date=&end_date=&kind=past&page=13,национальное российское искусство
Artguide,Moscow,22.09-28.01.2024,2024,post_2022,Родченко. Личное Центр «Зотов»,https://artguide.ru/events?full_name=&city=Moscow&start_date=&end_date=&kind=past&page=13,западное искусство
Artguide,Moscow,31.10-28.01.2024,2024,post_2022,Царство Урарту. Наследие древней Армении. Урашту — Харминуя — Армина Государственный музей изобразительных искусств имени А.С. Пушкина Выставки,https://artguide.ru/events?full_name=&city=Moscow&start_date=&end_date=&kind=past&page=14,восточное искусство
Artguide,Moscow,13.01-27.01.2024,2024,post_2022,Искусство труда Новая Третьяковка Выставки,https://artguide.ru/events?full_name=&city=Moscow&start_date=&end_date=&kind=past&page=14,национальное российское искусство
Artguide,Moscow,21.12-24.01.2024,2024,post_2022,Сергей Гавин. Лабиринт Atelier CHOUTKO Выставки,https://artguide.ru/events?full_name=&city=Moscow&start_date=&end_date=&kind=past&page=14,национальное российское искусство
Artguide,Moscow,12.10-21.01.2024,2024,post_2022,Автор неизвестен. Коснуться главного Музей русского импрессионизма Выставки,https://artguide.ru/events?full_name=&city=Moscow&start_date=&end_date=&kind=past&page=14,национальное российское искусство
Artguide,Moscow,04.10-21.01.2024,2024,post_2022,Алексей Щусев. 150 Государственный музей архитектуры им. А. В. Щусева Выставки,https://artguide.ru/events?full_name=&city=Moscow&start_date=&end_date=&kind=past&page=14,национальное российское искусство
Artguide,Moscow,12.09-14.01.2024,2024,post_2022,Сочинилъ архитекторъ Щусевъ Всероссийский музей декоративного искусства Выставки,https://artguide.ru/events?full_name=&city=Moscow&start_date=&end_date=&kind=past&page=14,национальное российское искусство
Artguide,Moscow,20.07-14.01.2024,2024,post_2022,"О разных Маяковских Музейный центр «Зубовский, 15» Выставки",https://artguide.ru/events?full_name=&city=Moscow&start_date=&end_date=&kind=past&page=14,западное искусство
Artguide,Moscow,11.10-14.01.2024,2024,post_2022,Процесс. Франц Кафка и искусство ХХ века Еврейский музей и центр толерантности Выставки,https://artguide.ru/events?full_name=&city=Moscow&start_date=&end_date=&kind=past&page=14,восточное искусство
Artguide,Moscow,11.11-14.01.2024,2024,post_2022,Андрей Сяйлев. Отель «Зеленый» PA Gallery Выставки,https://artguide.ru/events?full_name=&city=Moscow&start_date=&end_date=&kind=past&page=14,национальное российское искусство
Artguide,Moscow,14.09-14.01.2024,2024,post_2022,Век спорта. К 100-летию московского спорта Новая Третьяковка Выставки,https://artguide.ru/events?full_name=&city=Moscow&start_date=&end_date=&kind=past&page=14,национальное российское искусство
Artguide,Moscow,24.11-18.12.2023,2023,post_2022,"Трудность. Миша Добровольский fail again, fail better Выставки",https://artguide.ru/events?full_name=&city=Moscow&start_date=&end_date=&kind=past&page=14,национальное российское искусство
Artguide,Moscow,23.09-17.12.2023,2023,post_2022,Зеркало сцены Дом культуры «ГЭС-2» Выставки,https://artguide.ru/events?full_name=&city=Moscow&start_date=&end_date=&kind=past&page=14,национальное российское искусство
Artguide,Moscow,21.11-14.12.2023,2023,post_2022,Переплетение 1966–2023 Atelier CHOUTKO Выставки,https://artguide.ru/events?full_name=&city=Moscow&start_date=&end_date=&kind=past&page=14,западное искусство
Artguide,Moscow,12.10-10.12.2023,2023,post_2022,От и до: сказки на вырост «Новое крыло» Дома Гоголя Выставки,https://artguide.ru/events?full_name=&city=Moscow&start_date=&end_date=&kind=past&page=14,национальное российское искусство
Artguide,Moscow,12.09-03.12.2023,2023,post_2022,52 Гц Дом культуры «ГЭС-2» Выставки,https://artguide.ru/events?full_name=&city=Moscow&start_date=&end_date=&kind=past&page=14,национальное российское искусство
Artguide,Moscow,27.07-03.12.2023,2023,post_2022,Две жизни — одна судьба Музей-усадьба «Кусково»,https://artguide.ru/events?full_name=&city=Moscow&start_date=&end_date=&kind=past&page=14,национальное российское искусство
Artguide,Moscow,20.09-28.11.2023,2023,post_2022,НЕпрошлое. Традиционные образы в современном русском стиле Музей-заповедник «Архангельское» Выставки,https://artguide.ru/events?full_name=&city=Moscow&start_date=&end_date=&kind=past&page=15,национальное российское искусство
Artguide,Moscow,24.10-25.11.2023,2023,post_2022,"Смотреть в стены и представлять, что за ними XL Галерея Выставки",https://artguide.ru/events?full_name=&city=Moscow&start_date=&end_date=&kind=past&page=15,западное искусство
Artguide,Moscow,08.09-19.11.2023,2023,post_2022,Жилище будущего Центр визуальной культуры Béton Выставки,https://artguide.ru/events?full_name=&city=Moscow&start_date=&end_date=&kind=past&page=15,западное искусство
Artguide,Moscow,20.09-19.11.2023,2023,post_2022,"Небесная география, или Разбор полетов Андрея Филиппова Фонд культуры «ЕКАТЕРИНА» Выставки",https://artguide.ru/events?full_name=&city=Moscow&start_date=&end_date=&kind=past&page=15,национальное российское искусство
Artguide,Moscow,11.10-18.11.2023,2023,post_2022,"Пронежность АРТ4, музей современного искусства Выставки",https://artguide.ru/events?full_name=&city=Moscow&start_date=&end_date=&kind=past&page=15,западное искусство
Artguide,Moscow,22.06-12.11.2023,2023,post_2022,Поля-двойники Фонд Ruarts Выставки,https://artguide.ru/events?full_name=&city=Moscow&start_date=&end_date=&kind=past&page=15,национальное российское искусство
Artguide,Moscow,20.10-12.11.2023,2023,post_2022,"Глубокие воды Триумф, галерея Выставки",https://artguide.ru/events?full_name=&city=Moscow&start_date=&end_date=&kind=past&page=15,национальное российское искусство
Artguide,Moscow,18.08-12.11.2023,2023,post_2022,Как найти грифона Центр Гиляровского Выставки,https://artguide.ru/events?full_name=&city=Moscow&start_date=&end_date=&kind=past&page=15,национальное российское искусство
Artguide,Moscow,14.10-12.11.2023,2023,post_2022,Искусство Знания Фонд In Artibus Выставки,https://artguide.ru/events?full_name=&city=Moscow&start_date=&end_date=&kind=past&page=15,западное искусство
Artguide,Moscow,27.09-07.11.2023,2023,post_2022,Редкие виды 159F Gallerie (Cube.Moscow) Выставки,https://artguide.ru/events?full_name=&city=Moscow&start_date=&end_date=&kind=past&page=15,национальное российское искусство
Artguide,Moscow,08.02-05.11.2023,2023,post_2022,Мой учитель Леонардо Музей AZ (Музей Анатолия Зверева) Выставки,https://artguide.ru/events?full_name=&city=Moscow&start_date=&end_date=&kind=past&page=15,западное искусство
Artguide,Moscow,27.09-02.11.2023,2023,post_2022,Suspense PA Gallery Выставки,https://artguide.ru/events?full_name=&city=Moscow&start_date=&end_date=&kind=past&page=15,национальное российское искусство
Artguide,Moscow,09.09-29.10.2023,2023,post_2022,Многообразие творчества Елизаветы Бём Государственный музей А.С. Пушкина Выставки,https://artguide.ru/events?full_name=&city=Moscow&start_date=&end_date=&kind=past&page=15,национальное российское искусство
Artguide,Moscow,23.08-22.10.2023,2023,post_2022,Единицы времени. Собрание Сергея Александрова Московский музей современного искусства на Петровке Выставки,https://artguide.ru/events?full_name=&city=Moscow&start_date=&end_date=&kind=past&page=15,национальное российское искусство
Artguide,Moscow,12.09-22.10.2023,2023,post_2022,Seller of Colored Shells (Продавец цветных ракушек) Галерея a—s—t—r—a Выставки,https://artguide.ru/events?full_name=&city=Moscow&start_date=&end_date=&kind=past&page=15,национальное российское искусство
Artguide,Moscow,19.09-19.10.2023,2023,post_2022,Гоша Острецов. Любовь и роботы Atelier CHOUTKO,https://artguide.ru/events?full_name=&city=Moscow&start_date=&end_date=&kind=past&page=15,восточное искусство
Artguide,Moscow,01.09-01.10.2023,2023,post_2022,Вертикальное положение Государственный музейно-выставочный центр «РОСИЗО» Выставки,https://artguide.ru/events?full_name=&city=Moscow&start_date=&end_date=&kind=past&page=16,национальное российское искусство
Artguide,Moscow,18.05-01.10.2023,2023,post_2022,Коломенское. Шедевры коллекции Московский государственный объединенный музей-заповедник «Коломенское — Измайлово» Выставки,https://artguide.ru/events?full_name=&city=Moscow&start_date=&end_date=&kind=past&page=16,национальное российское искусство
Artguide,Moscow,18.05-01.10.2023,2023,post_2022,Век графики. От Казимира Малевича до Олега Кудряшова Новая Третьяковка Выставки,https://artguide.ru/events?full_name=&city=Moscow&start_date=&end_date=&kind=past&page=16,западное искусство
Artguide,Moscow,18.04-24.09.2023,2023,post_2022,"После импрессионизма. Русская живопись в диалоге с новым западным искусством Государственный музей изобразительных искусств имени А.С. Пушкина, Галерея искусства стран Европы и Америки XIX–XX веков Выставки",https://artguide.ru/events?full_name=&city=Moscow&start_date=&end_date=&kind=past&page=16,западное искусство
Artguide,Moscow,08.06-24.09.2023,2023,post_2022,Выбор Добычиной Музей русского импрессионизма Выставки,https://artguide.ru/events?full_name=&city=Moscow&start_date=&end_date=&kind=past&page=16,национальное российское искусство
Artguide,Moscow,01.07-17.09.2023,2023,post_2022,Функция PA Gallery,https://artguide.ru/events?full_name=&city=Moscow&start_date=&end_date=&kind=past&page=16,национальное российское искусство
Artguide,Moscow,13.07-17.09.2023,2023,post_2022,"Перкуссия. Живопись ХХI века из Майкопа Московский музей современного искусства, Гоголевский Выставки",https://artguide.ru/events?full_name=&city=Moscow&start_date=&end_date=&kind=past&page=16,западное искусство
Artguide,Moscow,21.06-17.09.2023,2023,post_2022,Воображаемый музей Михаила Шемякина. Лестница в искусстве Новая Третьяковка Выставки,https://artguide.ru/events?full_name=&city=Moscow&start_date=&end_date=&kind=past&page=16,национальное российское искусство
Artguide,Moscow,21.04-10.09.2023,2023,post_2022,От розы к лучу. «Голубая роза» и «Золотое руно». Истоки и продолжение Дом русского зарубежья им. Александра Солженицына Выставки,https://artguide.ru/events?full_name=&city=Moscow&start_date=&end_date=&kind=past&page=16,западное искусство
Artguide,Moscow,01.04-05.09.2023,2023,post_2022,На пыльных тропинках далеких планет… Государственный центральный музей кино Выставки,https://artguide.ru/events?full_name=&city=Moscow&start_date=&end_date=&kind=past&page=16,восточное искусство
Artguide,Moscow,27.04-03.09.2023,2023,post_2022,Краткая история отсутствия Дом культуры «ГЭС-2» Выставки,https://artguide.ru/events?full_name=&city=Moscow&start_date=&end_date=&kind=past&page=16,национальное российское искусство
Artguide,Moscow,14.07-03.09.2023,2023,post_2022,Тотан Кузембаев. Горизонты событий Государственный музей архитектуры им. А. В. Щусева Выставки,https://artguide.ru/events?full_name=&city=Moscow&start_date=&end_date=&kind=past&page=16,национальное российское искусство
Artguide,Moscow,20.07-31.08.2023,2023,post_2022,Ностальгия по настоящему Центр Вознесенского Выставки,https://artguide.ru/events?full_name=&city=Moscow&start_date=&end_date=&kind=past&page=16,национальное российское искусство
Artguide,Moscow,27.07-27.08.2023,2023,post_2022,Георгий Кизевальтер. Художник-коллекционер Образовательный центр ММОМА в Ермолаевском переулке Выставки,https://artguide.ru/events?full_name=&city=Moscow&start_date=&end_date=&kind=past&page=16,национальное российское искусство
Artguide,Moscow,18.03-25.08.2023,2023,post_2022,На грани. Искусство гранения и гравировки стекла Музей-заповедник «Царицыно»,https://artguide.ru/events?full_name=&city=Moscow&start_date=&end_date=&kind=past&page=16,национальное российское искусство
Artguide,Moscow,08.08-25.08.2023,2023,post_2022,"Никто не остров ВИНЗАВОД, Центр современного искусства Выставки",https://artguide.ru/events?full_name=&city=Moscow&start_date=&end_date=&kind=past&page=17,западное искусство
Artguide,Moscow,13.04-20.08.2023,2023,post_2022,Сергей Кузнецов. Архитектура мира Новая Третьяковка Выставки,https://artguide.ru/events?full_name=&city=Moscow&start_date=&end_date=&kind=past&page=17,национальное российское искусство
Artguide,Moscow,28.04-20.08.2023,2023,post_2022,Модерн в русской иконе Музей древнерусской культуры и искусства им. Андрея Рублева Выставки,https://artguide.ru/events?full_name=&city=Moscow&start_date=&end_date=&kind=past&page=17,национальное российское искусство
Artguide,Moscow,01.04-01.08.2023,2023,post_2022,«Художник должен быть свободен»: Чеховы-художники Дом-музей Антона Павловича Чехова Выставки,https://artguide.ru/events?full_name=&city=Moscow&start_date=&end_date=&kind=past&page=17,западное искусство
Artguide,Moscow,15.02-30.07.2023,2023,post_2022,Диалог во времени и пространстве. Отечественное искусство XX–XXI веков Московский музей современного искусства на Петровке Выставки,https://artguide.ru/events?full_name=&city=Moscow&start_date=&end_date=&kind=past&page=17,национальное российское искусство
Artguide,Moscow,25.05-30.07.2023,2023,post_2022,Александр Юликов. Пространственные альтернативы Новая Третьяковка Выставки,https://artguide.ru/events?full_name=&city=Moscow&start_date=&end_date=&kind=past&page=17,национальное российское искусство
Artguide,Moscow,04.07-29.07.2023,2023,post_2022,Два князя и царь железного камня XL Галерея Выставки,https://artguide.ru/events?full_name=&city=Moscow&start_date=&end_date=&kind=past&page=17,западное искусство
Artguide,Moscow,27.04-27.07.2023,2023,post_2022,Вознесенский. ЕЩЁ Центр Вознесенского Выставки,https://artguide.ru/events?full_name=&city=Moscow&start_date=&end_date=&kind=past&page=17,национальное российское искусство
Artguide,Moscow,23.03-23.07.2023,2023,post_2022,Себе на уме Дом культуры «ГЭС-2» Выставки,https://artguide.ru/events?full_name=&city=Moscow&start_date=&end_date=&kind=past&page=17,национальное российское искусство
Artguide,Moscow,25.04-23.07.2023,2023,post_2022,Золото сарматских вождей Государственный музей изобразительных искусств имени А.С. Пушкина Выставки,https://artguide.ru/events?full_name=&city=Moscow&start_date=&end_date=&kind=past&page=17,национальное российское искусство
Artguide,Moscow,26.04-16.07.2023,2023,post_2022,In Memoriam. Остановленное время Государственная Третьяковская галерея (Инженерный корпус) Выставки,https://artguide.ru/events?full_name=&city=Moscow&start_date=&end_date=&kind=past&page=17,национальное российское искусство
Artguide,Moscow,14.04-15.07.2023,2023,post_2022,Николай Лапшин. Живопись / Книжная графика Галеев-Галерея Выставки,https://artguide.ru/events?full_name=&city=Moscow&start_date=&end_date=&kind=past&page=17,национальное российское искусство
Artguide,Moscow,27.04-09.07.2023,2023,post_2022,У ворот коммуны Галерея на Шаболовке Выставки,https://artguide.ru/events?full_name=&city=Moscow&start_date=&end_date=&kind=past&page=17,национальное российское искусство
Artguide,Moscow,02.06-08.07.2023,2023,post_2022,Опытная ячейка 13 16 45 Дом Наркомфина Выставки,https://artguide.ru/events?full_name=&city=Moscow&start_date=&end_date=&kind=past&page=17,национальное российское искусство
Artguide,Moscow,07.03-02.07.2023,2023,post_2022,Дом моделей. Индустрия образов Музей Москвы Выставки,https://artguide.ru/events?full_name=&city=Moscow&start_date=&end_date=&kind=past&page=17,национальное российское искусство
Artguide,Moscow,27.04-02.07.2023,2023,post_2022,Чародеи Дом культуры «ГЭС-2»,https://artguide.ru/events?full_name=&city=Moscow&start_date=&end_date=&kind=past&page=17,национальное российское искусство
Artguide,Moscow,15.06-02.07.2023,2023,post_2022,Марфа Родкин. Marfa? Галерея К35 Выставки,https://artguide.ru/events?full_name=&city=Moscow&start_date=&end_date=&kind=past&page=18,национальное российское искусство
Artguide,Moscow,04.04-02.07.2023,2023,post_2022,На языке правил и исключений. Наука и искусство Еврейский музей и центр толерантности Выставки,https://artguide.ru/events?full_name=&city=Moscow&start_date=&end_date=&kind=past&page=18,восточное искусство
Artguide,Moscow,20.05-27.06.2023,2023,post_2022,Аня Желудь. Другая икона PA Gallery Выставки,https://artguide.ru/events?full_name=&city=Moscow&start_date=&end_date=&kind=past&page=18,национальное российское искусство
Artguide,Moscow,02.02-25.06.2023,2023,post_2022,Михаил Пришвин: Главная книга Государственный музей истории российской литературы имени В.И. Даля Выставки,https://artguide.ru/events?full_name=&city=Moscow&start_date=&end_date=&kind=past&page=18,национальное российское искусство
Artguide,Moscow,03.03-18.06.2023,2023,post_2022,Бухарские евреи: на перекрестке цивилизаций Еврейский музей и центр толерантности Выставки,https://artguide.ru/events?full_name=&city=Moscow&start_date=&end_date=&kind=past&page=18,восточное искусство
Artguide,Moscow,16.03-13.06.2023,2023,post_2022,#ПетровВодкинЛомакина. Стихия Крым Музей Москвы Выставки,https://artguide.ru/events?full_name=&city=Moscow&start_date=&end_date=&kind=past&page=18,национальное российское искусство
Artguide,Moscow,17.05-04.06.2023,2023,post_2022,Тондо Тандем Фонд Ruarts Выставки,https://artguide.ru/events?full_name=&city=Moscow&start_date=&end_date=&kind=past&page=18,национальное российское искусство
Artguide,Moscow,05.04-28.05.2023,2023,post_2022,С берегов Нила на берега Камы Государственный музей Востока Выставки,https://artguide.ru/events?full_name=&city=Moscow&start_date=&end_date=&kind=past&page=18,восточное искусство
Artguide,Moscow,05.04-28.05.2023,2023,post_2022,Венецианские строфы Иосифа Бродского в гравюрах Владимира Наседкина Центр современного искусства AZ/ART Выставки,https://artguide.ru/events?full_name=&city=Moscow&start_date=&end_date=&kind=past&page=18,западное искусство
Artguide,Moscow,18.04-25.05.2023,2023,post_2022,"Евгений Михнов-Войтенко. О невыразимом pop/off/art, галерея Выставки",https://artguide.ru/events?full_name=&city=Moscow&start_date=&end_date=&kind=past&page=18,западное искусство
Artguide,Moscow,28.03-21.05.2023,2023,post_2022,Комната для всех Галерея сцена/szena Выставки,https://artguide.ru/events?full_name=&city=Moscow&start_date=&end_date=&kind=past&page=18,национальное российское искусство
Artguide,Moscow,25.11-14.05.2023,2023,post_2022,"Алексей Щусев. Архитектор, художник, директор. К 150-летию Государственная Третьяковская галерея Выставки",https://artguide.ru/events?full_name=&city=Moscow&start_date=&end_date=&kind=past&page=18,национальное российское искусство
Artguide,Moscow,02.03-14.05.2023,2023,post_2022,17/37. Советская скульптура. Взлет Новый Манеж Выставки,https://artguide.ru/events?full_name=&city=Moscow&start_date=&end_date=&kind=past&page=18,западное искусство
Artguide,Moscow,23.01-10.05.2023,2023,post_2022,Великое княжество. Сокровища Владимиро-Суздальской земли Новая Третьяковка Выставки,https://artguide.ru/events?full_name=&city=Moscow&start_date=&end_date=&kind=past&page=18,национальное российское искусство
Artguide,Moscow,20.04-09.05.2023,2023,post_2022,"Вне места. Новые ландшафты Фабрика, Центр творческих индустрий Выставки",https://artguide.ru/events?full_name=&city=Moscow&start_date=&end_date=&kind=past&page=18,западное искусство
Artguide,Moscow,28.10-06.05.2023,2023,post_2022,Сны Сибири Государственный исторический музей,https://artguide.ru/events?full_name=&city=Moscow&start_date=&end_date=&kind=past&page=18,национальное российское искусство
Artguide,Moscow,07.03-16.04.2023,2023,post_2022,«”Дядя Боря Крейсер”. Выставка работ художника книги и дизайнера-универсала Петербурга Б.Г. Крейцера» и «Май Митурич. В поисках удивлений» Центр Вознесенского Выставки,https://artguide.ru/events?full_name=&city=Moscow&start_date=&end_date=&kind=past&page=19,национальное российское искусство
Artguide,Moscow,27.01-03.04.2023,2023,post_2022,Анна Казьмина. Транскодирование PA Gallery Выставки,https://artguide.ru/events?full_name=&city=Moscow&start_date=&end_date=&kind=past&page=19,национальное российское искусство
Artguide,Moscow,02.02-02.04.2023,2023,post_2022,"Экспедиция_01. Нигдейная земля Фабрика, Центр творческих индустрий Выставки",https://artguide.ru/events?full_name=&city=Moscow&start_date=&end_date=&kind=past&page=19,национальное российское искусство
Artguide,Moscow,09.02-21.03.2023,2023,post_2022,Отличники Музей русского импрессионизма Выставки,https://artguide.ru/events?full_name=&city=Moscow&start_date=&end_date=&kind=past&page=19,национальное российское искусство
Artguide,Moscow,27.01-19.03.2023,2023,post_2022,Дневник московской школьницы Галерея Ruarts Выставки,https://artguide.ru/events?full_name=&city=Moscow&start_date=&end_date=&kind=past&page=19,национальное российское искусство
Artguide,Moscow,16.12-19.03.2023,2023,post_2022,Всеобщий язык Государственный музей изобразительных искусств имени А.С. Пушкина Выставки,https://artguide.ru/events?full_name=&city=Moscow&start_date=&end_date=&kind=past&page=19,национальное российское искусство
Artguide,Moscow,10.11-12.03.2023,2023,post_2022,Настройки-3. Общество частных музыкальных представлений Дом культуры «ГЭС-2» Выставки,https://artguide.ru/events?full_name=&city=Moscow&start_date=&end_date=&kind=past&page=19,национальное российское искусство
Artguide,Moscow,03.02-28.02.2023,2023,post_2022,ДК СССР Манеж Выставки,https://artguide.ru/events?full_name=&city=Moscow&start_date=&end_date=&kind=past&page=19,национальное российское искусство
Artguide,Moscow,18.11-26.02.2023,2023,post_2022,Игорь Грабарь. К 150-летию со дня рождения художника Государственная Третьяковская галерея (Инженерный корпус) Выставки,https://artguide.ru/events?full_name=&city=Moscow&start_date=&end_date=&kind=past&page=19,национальное российское искусство
Artguide,Moscow,21.01-26.02.2023,2023,post_2022,Diploma22 HSE ART Gallery Выставки,https://artguide.ru/events?full_name=&city=Moscow&start_date=&end_date=&kind=past&page=19,национальное российское искусство
Artguide,Moscow,22.12-26.02.2023,2023,post_2022,Центр исследований Оттепели. Эпизод III Центр Вознесенского,https://artguide.ru/events?full_name=&city=Moscow&start_date=&end_date=&kind=past&page=19,национальное российское искусство
Artguide,Moscow,20.10-19.02.2023,2023,post_2022,"Мир как беспредметность. Рождение нового искусства: Казимир Малевич, Павел Филонов, Марк Шагал, Анна Лепорская и другие Еврейский музей и центр толерантности Выставки",https://artguide.ru/events?full_name=&city=Moscow&start_date=&end_date=&kind=past&page=19,восточное искусство
Artguide,Moscow,24.01-19.02.2023,2023,post_2022,"«Цемента II» / «Краткий справочник современной городской мифологии в картинках и схемах» ВИНЗАВОД, Центр современного искусства Выставки",https://artguide.ru/events?full_name=&city=Moscow&start_date=&end_date=&kind=past&page=19,западное искусство
Artguide,Moscow,18.01-16.02.2023,2023,post_2022,"Илья Романов. В темноте. В окне. На полу Фабрика, Центр творческих индустрий Выставки",https://artguide.ru/events?full_name=&city=Moscow&start_date=&end_date=&kind=past&page=19,национальное российское искусство
Artguide,Moscow,05.10-12.02.2023,2023,post_2022,Мельников / Melnikoff Государственный музей архитектуры им. А. В. Щусева,https://artguide.ru/events?full_name=&city=Moscow&start_date=&end_date=&kind=past&page=19,национальное российское искусство
Artguide,Moscow,29.11-05.02.2023,2023,post_2022,Надежда Лихогруд. Память заполнена Московский музей современного искусства на Петровке Выставки,https://artguide.ru/events?full_name=&city=Moscow&start_date=&end_date=&kind=past&page=20,западное искусство
Artguide,Moscow,04.10-05.02.2023,2023,post_2022,Дягилев. Генеральная репетиция Новая Третьяковка Выставки,https://artguide.ru/events?full_name=&city=Moscow&start_date=&end_date=&kind=past&page=20,национальное российское искусство
Artguide,Moscow,17.11-05.02.2023,2023,post_2022,Зак Кахадо. Существование-со-Существование Московский музей современного искусства на Петровке Выставки,https://artguide.ru/events?full_name=&city=Moscow&start_date=&end_date=&kind=past&page=20,западное искусство
Artguide,Moscow,21.10-31.01.2023,2023,post_2022,Рудник Днепровский. Художественное исследование Государственный музей истории ГУЛАГа Выставки,https://artguide.ru/events?full_name=&city=Moscow&start_date=&end_date=&kind=past&page=20,национальное российское искусство
Artguide,Moscow,25.10-29.01.2023,2023,post_2022,"Грани XX века. Избранные произведения из коллекции Самарского художественного музея Московский музей современного искусства, Гоголевский Выставки",https://artguide.ru/events?full_name=&city=Moscow&start_date=&end_date=&kind=past&page=20,западное искусство
Artguide,Moscow,30.04-29.01.2023,2023,post_2022,Простые формы Московский музей современного искусства на Петровке Выставки,https://artguide.ru/events?full_name=&city=Moscow&start_date=&end_date=&kind=past&page=20,западное искусство
Artguide,Moscow,17.11-24.01.2023,2023,post_2022,Corpus Mundi. Алиса Горелова. Евгений Чубаров PA Gallery Выставки,https://artguide.ru/events?full_name=&city=Moscow&start_date=&end_date=&kind=past&page=20,западное искусство
Artguide,Moscow,21.10-22.01.2023,2023,post_2022,Александр Савинов. Миражи Музей русского импрессионизма Выставки,https://artguide.ru/events?full_name=&city=Moscow&start_date=&end_date=&kind=past&page=20,национальное российское искусство
Artguide,Moscow,19.11-20.01.2023,2023,post_2022,Игорь Поносов. Вымышленное путешествие Cube.Moscow Выставки,https://artguide.ru/events?full_name=&city=Moscow&start_date=&end_date=&kind=past&page=20,национальное российское искусство
Artguide,Moscow,07.09-15.01.2023,2023,post_2022,Дмитрий Плавинский. Носороги на черепашьих бегах в Москве Музей AZ (Музей Анатолия Зверева) Выставки,https://artguide.ru/events?full_name=&city=Moscow&start_date=&end_date=&kind=past&page=20,национальное российское искусство
Artguide,Moscow,15.10-15.01.2023,2023,post_2022,Экспедиция Лангсдорфа. На ваших глазах Музей-заповедник «Царицыно» Выставки,https://artguide.ru/events?full_name=&city=Moscow&start_date=&end_date=&kind=past&page=20,западное искусство
Artguide,Moscow,07.10-08.01.2023,2023,post_2022,К 100-летию образования СССР: Чичерин и советская дипломатия Музеи Московского Кремля Выставки,https://artguide.ru/events?full_name=&city=Moscow&start_date=&end_date=&kind=past&page=20,национальное российское искусство
Artguide,Moscow,07.12-25.12.2022,2022,transition_2022,"Легенда ВИНЗАВОД, Центр современного искусства Выставки",https://artguide.ru/events?full_name=&city=Moscow&start_date=&end_date=&kind=past&page=20,западное искусство
Artguide,Moscow,01.11-25.12.2022,2022,transition_2022,Парадоксы эволюции Государственный Дарвиновский музей Выставки,https://artguide.ru/events?full_name=&city=Moscow&start_date=&end_date=&kind=past&page=20,национальное российское искусство
Artguide,Moscow,15.11-10.12.2022,2022,transition_2022,"Matiush First. Настройка по умолчанию АРТ4, музей современного искусства Выставки",https://artguide.ru/events?full_name=&city=Moscow&start_date=&end_date=&kind=past&page=20,западное искусство
Artguide,Moscow,06.09-04.12.2022,2022,transition_2022,От «Мира искусства» к «Аполлону». Журналы «личной свободы» Дом И.С. Остроухова в Трубниках,https://artguide.ru/events?full_name=&city=Moscow&start_date=&end_date=&kind=past&page=20,западное искусство
