museum,title,date_range,year,period,url,text_to_analyze,category
Jewish Museum and Tolerance Center,ЭНДИ УОРХОЛ: ДЕСЯТЬ ЗНАМЕНИТЫХ ЕВРЕЕВ ХХ ВЕКА,,2026,post_2022,https://www.jewish-museum.ru/exhibitions/endi-uorkhol-desyat-znamenitykh-evreev-khkh-veka/,"В основе выставки портреты, сопровождаемые архивными материалами, фотографиями, видеозаписями и интервью, раскрывающими жизнь и эпоху каждого из представленных на холстах. Кураторы проекта: Пол Мурхаус (Национальная портретная галерея, Лондон) и Мария Насимова (Еврейский музей и центр толерантности, Москва). Идея создания серии принадлежит американскому галеристу Рональду Фельдману и израильскому арт-дилеру Александру Харари. Энди Уорхол — икона века, воплощающая движение поп-арт, через своё искусство навсегда перевернул взгляд на общество потребления, тему которая не перестают быть актуальной и сегодня. В 60-е годы Уорхол сыграл важную роль в возрождении жанра портрета, совместив фотографию с живописью, он придал новое значение понятию «высокое искусство». Фонд семьи Блаватник активно поддерживает ведущие образовательные, научные, культурные и благотворительные организации , Великобритании, России, Израиля и других стран мира. Глава фонда — Лен Блаватник, американский предприниматель и меценат. Блаватник является основателем и руководителем частной промышленной инвестиционной компании Access Industries. Глобальные интересы компании состоят из нескольких секторов: природные ресурсы и химические вещества, медиа и телекоммуникации, новые технологии, науки о жизни, а также недвижимость. Подробную информацию о Лене Блаватнике и Access Industries вы можете найти на сайте www.accessindustries.com «Король Лир» Соломона Михоэлса. Постскриптум к 90-летию великого спектакля .30.03.26-17.08.26 500 ₽ За нами Москва. К 85-летию обороны Москвы .20.04.26-24.08.26 Под маской титульного л",западное искусство
Jewish Museum and Tolerance Center,МЕЖ ДВУХ МИРОВ. ПАМЯТЬ О ЧЕЛОВЕКЕ И БЕССМЕРТИЕ ДУШИ В ЕВРЕЙСКОЙ КУЛЬТУРЕ,,2026,post_2022,https://www.jewish-museum.ru/exhibitions/evreyskiy-muzey-i-tsentr-tolerantnosti-sovmestno-s-muzeem-istorii-evreev-v-rossii-pri-podderzhke-bla/,"Проект посвящен ключевым ценностям в иудаизме, традициям и обычаям еврейского народа, нашедшим свое отражение в исторических, документальных и культурных свидетельствах. Экспонаты, предоставленные Музеем истории евреев в России, приоткроют завесу тайны над бессменными традициями и обрядами одного из древнейших народов мира, нашедших свое отражение в мировом изобразительном искусстве и литературе. Кураторы: Григорий Казовский, Борис Хаймович Информационные партнеры: «Король Лир» Соломона Михоэлса. Постскриптум к 90-летию великого спектакля .30.03.26-17.08.26 500 ₽ За нами Москва. К 85-летию обороны Москвы .20.04.26-24.08.26 Под маской титульного листа: выставка книг из собрания библиотеки Шнеерсонов .24.06.26-03.10.26 Мы преодолеем. We Shall Overcome .26.06.26-18.07.26 Назад Вперед 2026 2025 2024 2023 2022 2021 2020 2019 2018 2017 2016 2015 2014 2013 И Даю согласие на обработку своих персональных данных в соответствии с политикой обработки персональных данных Используется технология Yandex SmartCaptcha",западное искусство
Jewish Museum and Tolerance Center,ВЫСТАВКА ПАСХАЛЬНЫХ АГГАДОТ В БИБЛИОТЕКЕ ШНЕЕРСОНА,,2026,post_2022,https://www.jewish-museum.ru/exhibitions/vystavka-paskhalnykh-aggadot-v-biblioteke-shneersona/,"Считается, что Бог заповедал своему народу в Песах рассказывать историю Исхода, дабы она никогда не была забыта. В C 6 апреля по 5 июня в библиотеке семьи Шнеерсон в Еврейском музее и центре толерантности пройдет выставка «Пасхальные аггадот из коллекции Шнеерсона», посвященная главной книге праздника Песах. Считается, что Бог заповедал своему народу в Песах рассказывать историю Исхода из Египта, дабы она никогда не была забыта. Исполнением этой заповеди и является обязательное чтение в эти дни пасхальной аггады. Поскольку пасхальную аггаду полагалось читать в кругу семьи, то ее, в отличие от большинства других еврейских книг, украшали иллюстрациями, чтобы сделать рассказ интереснее и привлечь внимание детей. С момента появления первых таких печатных книг установилась определенная традиция их иллюстрирования. Как правило, аггада начинается с изображения основных пасхальных ритуалов и событий Исхода, а завершается иллюстрацией Храма — символа неизбежного наступления мессианской эпохи. На выставке будут представлены четыре издания пасхальной аггады из собрания династии Шнеерсон: два из них отпечатаны в Амстердаме (1712 и 1765), одно в Пизе (1801) и одно в городе Мец (1767). Помимо самих книг будут представлены образцы иллюстраций и комментарий к ним. На открытии, которое состоится 6 апреля в 15:00 в помещении библиотеки семьи Шнеерсон, сотрудники библиотеки расскажут всем желающим о представленных экспонатах, а также постараются ответить на вопросы. «Король Лир» Соломона Михоэлса. Постскриптум к 90-летию великого спектакля .30.03.26-17.08.26 500 ₽ За нами Москва. К 85-летию обороны Москвы .20.04.26-24.08.26 Под маской титульного листа: выставка книг из собрания библиотеки Шнеерсонов .24.06.26-03.10.26 Мы преодолеем. We Shall Overcome .26.06.26-18.07.26 Назад Вперед 2026 2025 2024 2023 2022 2021 2020 2019 2018 2017 2016 2015 2014 2013 И Даю согласие на обработку своих персональных данных в соответствии с политикой обработки персональных данных Используется технология Ya",восточное искусство
Jewish Museum and Tolerance Center,ПЕРЕВОДЫ ТАНАХА — ОТ ЭЛЛИНИЗМА ДО МОДЕРНА,,2026,post_2022,https://www.jewish-museum.ru/exhibitions/perevody-tanakha-ot-ellinizma-do-moderna/,"В Практика переводов священного для еврейской традиции комплекса текстов во все времена вызывала сложности в силу особой ответственности не только перед читателем, но и перед самим Всевышним. Вдруг, двусмысленно переведя какое-то слово, переводчик подтолкнет своего читателя к неверной интерпретации? Несмотря на противодействие еврейских мудрецов, необходимость перевода на другие языки становилась все актуальнее с потерей древнееврейским языком его коммуникативной функции — священному тексту угрожало бы забвение. Это послужило причиной появления переводов Танаха на языках, принимаемых евреями в качестве разговорных, среди которых греческий, арамейский, идиш, ладино, немецкий и многие другие. Некоторые из этих текстов были благосклонно восприняты традиционной средой, а некоторые до сих пор вызывают критическое переосмысление. Почему и насколько переводы разнились между собой? Как на них влиял культурный багаж переводчика и читателя? Чем переводы Танаха для мужчин отличались от переводов для женщин? Ответы на эти и другие вопросы посетители библиотеки смогут получить на нашей выставке, на которой представлены некоторые из еврейских переводов Танаха, обнаруженных в процессе описания книжной коллекции семьи Шнеерсон. «Король Лир» Соломона Михоэлса. Постскриптум к 90-летию великого спектакля .30.03.26-17.08.26 500 ₽ За нами Москва. К 85-летию обороны Москвы .20.04.26-24.08.26 Под маской титульного листа: выставка книг из собрания библиотеки Шнеерсонов .24.06.26-03.10.26 Мы преодолеем. We Shall Overcome .26.06.26-18.07.26 Назад Вперед 2026 2025 2024 2023 2022 2021 2020 2019 2018 2017 2016 2015 2014 2013 И Даю согласие на обработку своих персональных данных в соответствии с политикой обработки персональных данных Используется технология Yandex SmartCaptcha",восточное искусство
Jewish Museum and Tolerance Center,ВЫСТАВКА ГЕРХАРДА РИХТЕРА «АБСТРАКЦИЯ И ОБРАЗ»,73 по 2016,2016,pre_2022,https://www.jewish-museum.ru/exhibitions/vystavka-gerkharda-rikhtera-abstraktsiya-i-obraz/,"Герхард Рихтер - один из самых авторитетных современных художников в мире, центральной темой творчества которого на протяжении более 50 лет является поиск значения образа в нашем восприятии реальности. 300 ₽ - Основная категория 150 ₽ - Льготная категория В Еврейский музей и центр толерантности представляет выставку Герхарда Рихтера «Абстракция и образ» Герхард Рихтер - один из самых авторитетных современных художников в мире, центральной темой творчества которого на протяжении более 50 лет является поиск значения образа в нашем восприятии реальности. На первой масштабной персональной выставке художника в России представлены знаковые произведения, иллюстрирующие важные этапы творчества мастера и разнообразие техник: Gray (1973), Aladin (1999), Haggadah (2006) и коллекция «Абстрактной живописи» (2016). Центром экспозиции является инсталляция «Биркенау» (2014) - серия из четырех широкоформатных абстрактных полотен, написанных под впечатлением от фотографий, снятых узником концентрационного лагеря в августе 1944 года. По мнению художника, любая попытка реалистично показать крупнейшую трагедию в истории человечества будет выглядеть жалко; картины из серии «Биркенау» далеки от фотооригинала, тем не менее, сильное эмоциональное воздействие от снимков в них передано языком беспредметной живописи. В инсталляцию также входят четыре полноразмерные фотографии-оригиналы и 93 детали этих снимков. Данное произведение, в котором ярко прослеживается тема реплицирования образа в нашем восприятии, эксперты относят к наиболее значимым произведениям искусства последних лет. Тема поиска образа представлена и в других разделах выставки: Halifax (1978) - 128 деталей абстрактных полотен; War Cut (2004) - 20 принтов и абстрактные фрагменты ранних картин; специальный проект Museum Visits - коллекция из 24 «зарисованных» фотографий, исследующих взаимоотношение снимка и абстракции; Elbe, November и Tag, а также одна из самых известных «зеркальных» картин Герхарда Рихтера Spiegel Grau",восточное искусство
Jewish Museum and Tolerance Center,НАЧНИ СНАЧАЛА! ФАРФОР ГАЛИНЫ ДУЛЬКИНОЙ,04 по 2016,2016,pre_2022,https://www.jewish-museum.ru/exhibitions/nachni-snachala-farfor-galiny-dulkinoy/,"Галина Дулькина – молодой автор, скульптор-фарфорист, получившая высокое признание среди коллекционеров и ценителей искусства, благодаря редкому сегодня мастерству работы с фарфором. В Галина Дулькина – молодой автор, скульптор-фарфорист, чьи работы уже находятся в крупнейших отечественных и западных частных собраниях. Столь высокое признание среди коллекционеров и ценителей искусства она получила благодаря редкому сегодня мастерству работы с таким сложным материалом как фарфор. Владение древней технологией, практически не изменившейся за последние 250 лет, требует от художника таланта как скульптора, создающего завершенную форму из фарфоровой массы, так и живописца, способного верно подобрать цвета на всех этапах обжига будущего произведения. Сочетая принципы работы традиционного фарфориста и современного художника, Галина Дулькина работает в собственной мастерской, где в одиночку осуществляет отливку, глазурование, роспись, обжиг, золочение и другие необходимые процессы по созданию фарфоровой скульптуры. В своем творчестве Галина Дулькина входит в диалог с выдающимися мастерами пластики Александром Архипенко и Константином Бранкузи. Стилистика росписи ее произведений отсылает зрителя к полотнам Жоржа Брака и наследию супрематистов. Развивая новый формат современного кубизма, Галина Дулькина исследует принципы этого направления в скульптуре, создавая узнаваемые работы, балансирующие на грани фигуративной пластики и беспредметности. Выставка в Еврейском музее и центре толерантности представит более 40 фарфоровых произведений, созданных с 2004 по 2016гг. «Король Лир» Соломона Михоэлса. Постскриптум к 90-летию великого спектакля .30.03.26-17.08.26 500 ₽ За нами Москва. К 85-летию обороны Москвы .20.04.26-24.08.26 Под маской титульного листа: выставка книг из собрания библиотеки Шнеерсонов .24.06.26-03.10.26 Мы преодолеем. We Shall Overcome .26.06.26-18.07.26 Назад Вперед 2026 2025 2024 2023 2022 2021 2020 2019 2018 2017 2016 2015 2014 2013 И Даю согласие на обработку своих персональных данных в соответствии с политикой обраб",западное искусство
Jewish Museum and Tolerance Center,"СЛУЖЕНИЕ СЕРДЦЕМ. ХАСИДИЗМ: ЦАДИКИ, РЕЛИКВИИ, КНИГИ",,2026,post_2022,https://www.jewish-museum.ru/exhibitions/sluzhenie-serdtsem-khasidizm-tsadiki-relikvii-knigi/,"Выставка из фондов Еврейского музея и центра толерантности, Российской государственной библиотеки, Музея истории евреев в России. В Еврейский музей и центр толерантности при поддержке Банка представляет выставку «Служение сердцем. Выставка из фондов Еврейского музея и центра толерантности, Российской государственной библиотеки, Музея истории евреев в России. Хасидизм, возникший во второй половине века на территории современной Украины, привнес в религиозную практику иудаизма идею радостного служения Б-гу и сформировал новый тип общинного лидера - цадика, принимающего на себя обязанность помогать простым евреям и раскрывать перед ними пути Торы и заповедей. Передача хасидского учения осуществлялась как устно, от цадика к его последователям, так и посредством книг. Эти книги формировали институциональный, интеллектуальный и этический облик хасидского движения и получили широкое распространение среди евреев сразу после их написания. Они печатались в основном в еврейских типографиях Восточной Европы. Такие типографии во множестве существовали как раз в тех местах, где возник хасидизм (Волынь, Галиция, Подолия). Мистический характер хасидизма обусловил особое сакральное значение, которое придавалось не только книгам, написанным цадиками и их учениками, но также и тем, что хранились в их библиотеках. Ярким примером такой хасидской библиотеки является собрание книг династии Шнеерсонов, некоторые из которых представлены на этой выставке. Помимо наиболее значительных хасидских трудов, собранных Шнеерсонами, на выставке представлены предметы хасидского костюма; портреты цадиков, амулеты и другие хасидские реликвии из коллекции Музея истории евреев в России. Отдельно рассказывается об истории еврейских типографий, а также выставлены некоторые экспонаты и документы, имеющие отношение к сложной судьбе самой библиотеки Шнеерсонов, национализированной в послереволюционные годы и ныне хранящейся в отделе Российской государственной библиотеки в Еврейском музее и Центре толерантности",восточное искусство
Jewish Museum and Tolerance Center,ПОВСЕДНЕВНЫЕ И ПРАЗДНИЧНЫЕ МОЛИТВЕННИКИ В СОБРАНИИ БИБЛИОТЕКИ ШНЕЕРСОНА,,2026,post_2022,https://www.jewish-museum.ru/exhibitions/povsednevnye-i-prazdnichnye-molitvenniki-v-sobranii-biblioteki-shneersona/,"В Выставка «Повседневные и праздничные молитвенники в собрании библиотеки Шнеерсона» подготовлена Российской Государственной Библиотекой в сотрудничестве с Исследовательским центром Музея и посвящена еврейской молитвенной традиции. В экспозиции, наряду с другими сборниками молитв, сохранившимися среди книг библиотеки, представлено первое издания сиддура (молитвенника) Тора ор. Долгое время это издание считалось утерянным, на выставке представлен единственный известный его экземпляр. Сиддур Тора ор был составлен основателем движения Хабад рабби Шнеуром Залманом из Ляд и впервые издан в 1803 году в Шклове. «Король Лир» Соломона Михоэлса. Постскриптум к 90-летию великого спектакля .30.03.26-17.08.26 500 ₽ За нами Москва. К 85-летию обороны Москвы .20.04.26-24.08.26 Под маской титульного листа: выставка книг из собрания библиотеки Шнеерсонов .24.06.26-03.10.26 Мы преодолеем. We Shall Overcome .26.06.26-18.07.26 Назад Вперед 2026 2025 2024 2023 2022 2021 2020 2019 2018 2017 2016 2015 2014 2013 И Даю согласие на обработку своих персональных данных в соответствии с политикой обработки персональных данных Используется технология Yandex SmartCaptcha",национальное российское искусство
Jewish Museum and Tolerance Center,КАЖДОМУ ПО СВОБОДЕ? ИСТОРИЯ ОДНОГО НАРОДА В ГОДЫ РЕВОЛЮЦИИ,17 октября 2017,2017,pre_2022,https://www.jewish-museum.ru/exhibitions/kazhdomu-po-svobode-istoriya-odnogo-naroda-v-gody-revolyutsii/,"Выставка рассказывает о культурном, политическом и религиозном развитии еврейского сообщества в России в годы революции (1917–1919). Выставка рассказывает о культурном, политическом и религиозном развитии еврейского сообщества в России в годы революции (1917–1919). На выставке представлены живопись, фотографии, книги, театральные афиши, листовки и плакаты политических партий из музейных собраний, архивов и частных коллекций. Экспонаты демонстрируют подъем и многообразие еврейской общественно–политической и художественной жизни накануне и после февраля 1917 года – времени свободы, надежд и их ограничения в 1919 году. В числе экспонатов — картины Марка Шагала, Роберта Фалька, Иссахара Бера Рыбака и Эль Лисицкого. Многие картины и документы, представленные на выставке, экспонируются впервые. Структурную основу выставки составляет хроника еврейской истории в контексте событий революционного периода в России, подготовленная командой мультимедийного документального проекта «1917. Помимо исторических фактов и статистики, в хронику вошли рассказы от первого лица непосредственных участников событий — Льва Троцкого, Юлия Мартова, Марка Шагала, Веры Инбер, Семена Дубнова и Василия Шульгина. Их рассказы звучат в отдельных пространствах, оформленных в духе времени и передающих особенности биографии и личности персонажей. Широкий спектр исторических материалов, использованных при подготовке выставки, позволяет отразить всё многообразие политической и культурной жизни с 1917 по 1919 год",национальное российское искусство
Jewish Museum and Tolerance Center,«ДО ВОСТРЕБОВАНИЯ. КОЛЛЕКЦИИ РУССКОГО АВАНГАРДА ИЗ РЕГИОНАЛЬНЫХ МУЗЕЕВ. ЧАСТЬ II»,,2016,pre_2022,https://www.jewish-museum.ru/exhibitions/do-vostrebovaniya-kollektsii-russkogo-avangarda-iz-regionalnykh-muzeev-chast-ii/,"Часть .» 300 ₽ - Посещение выставки 500 ₽ - Посещение основной экспозиции и выставки В Еврейский музей совместно с «Энциклопедией русского авангарда» представляет продолжение масштабного выставочного проекта под кураторством Андрея Сарабьянова – уникальную коллекцию искусства авангарда из собраний региональных музеев 17 городов: Архангельска, Астрахани, Вятки, Екатеринбурга, Иванова, Костромы, Краснодара, Нижнего Новгорода, Нижнего Тагила, Омска, Самары, Саратова, Смоленска, Тулы, Чебоксар, Ярославля, Яранска. Главная идея выставки – показать забытые произведения известных, малоизвестных или совсем неизвестных художников авангарда, хранящиеся в коллекциях региональных музеев. Хронология второй части выставки охватывает период с 1917 года до начала 1930-х годов. В это время продолжается художественная эволюция тех стилей, которые возникли в 1910-е годы (сезаннизм, кубофутуризм, примитивизм) и, одновременно, формируются новые направления, такие как беспредметность и конструктивизм. На авангардную сцену выходит поколение молодых художников, которые учились во Вхутемасе у самых известных мастеров авангарда, главным образом у представителей «Бубнового валета». Все они работают в пределах фигуративности, но развивают новые авангардные направления – экспрессионизм, сюрреализм. Одновременно возникают школы признанных мастеров беспредметного авангарда: школа Казимира Малевича в Витебске и школа Михаила Матюшина в Петрограде-Ленинграде. Александр Родченко также собирает вокруг себя молодых представителей беспредметности и зарождающегося конструктивизма. Для второй части выставки в Еврейском музее и центре толерантности из коллекций региональных музеев России было отобрано более 100 произведений как общеизвестных художников-авангардистов – Василия Кандинского, Эля Лисицкого, Михаила Матюшина, Любови Поповой, Алексан",национальное российское искусство
Jewish Museum and Tolerance Center,ИСААК ЛЕВИТАН И АВТОРСКИЙ КИНЕМАТОГРАФ,,2026,post_2022,https://www.jewish-museum.ru/exhibitions/isaak-levitan-i-avtorskiy-kinematograf/,"Продажа билетов на мероприятие закрыта В Еврейский музей и центр толерантности представляет выставку «Исаак Левитан и авторский кинематограф». Исаак Левитан – автор наиболее узнаваемых и пронзительных полотен, изображающих русскую природу, мастер «пейзажа настроения». Партнерами выставки выступили компания Транснефть и Банк Интеза. Визитной карточкой выставки в онлайн-пространстве стал медиапроект «Русская тоска», созданный Еврейским музеем и Readymag. Исаак Левитан родился в еврейской семье – впоследствии происхождение художника станет причиной его гонений. При ближайшем рассмотрении оказывается, что именно авторское кино в и веке предложило новое прочтение работ Левитана: на экране его пейзаж предлагает режиссеру вдохновение, одновременно выступая в качестве главного актера, действующего лица. Фигура самого художника для современной отечественной культуры приобрела вес архетипа странника и искателя, стала источником размышлений о философии, скрытой в природе, и не конвенциональном понимании красоты – когда центром композиции становятся детали, обычно находящиеся на периферии зрения. Выставка представит свыше 30 пейзажей Исаака Левитана из Государственной Третьяковской галереи, Русского музея, Музея Израиля (Иерусалим), Плёсского историко-художественного заповедника и других музеев России. Для того, чтобы расширить горизонт зрительского восприятия и продемонстрировать преемственность образов живописи Левитана в кинематографе, выставочное пространство интегрирует полотна художника в контекст узнаваемых кадров отечественного кино: Андрея Тарковского, Александра Сокурова, Андрея Кончаловского, Романа Балаяна, Сергея Соловьева, Андрея Звягинцева, Александра Довженко и других режиссеров. Для того чтобы по-новому осмыслить присутствие Левитана и его о",национальное российское искусство
Jewish Museum and Tolerance Center,ВЫСТАВКА САШИ ГЕНЦИСА «СОЦИАЛИСТИЧЕСКИЙ СЮРРЕАЛИЗМ»,,2026,post_2022,https://www.jewish-museum.ru/exhibitions/vystavka-sasha-gentsisa-sotsialisticheskiy-syurrealizm/,"В Еврейский музей и центр толерантности представляет выставку «Социалистический Сюрреализм». В течение четырех лет Саша Генцис снимал исторические заброшенные и действующие цеха завода «», беседовал с рабочими и собирал истории о промышленном советском гиганте. Результатом работы фотографа стал проект «Социалистический Сюрреализм», демонстрирующий судьбу индустриальных объектов социализма в современном мире. Монументальные, некогда грандиозные идеи, воплощенные в архитектуре заводов и фабрик, идеология труда и общественного блага, выраженная в форсированном наращивании производственных мускул, сегодня представляется более руинами, чем знаковым наследием. Проект «Социалистический Сюрреализм» призван передать эмоциональную атмосферу социалистического быта, которая в наше время оставила позади стадию реальности и вышла на качественно новый уровень – уровень сюрреализма. Работы фотографа возвращаются к утилитарной эстетике прошлого и отстаивают необходимость сохранения культурной памяти об ушедшей эпохе и последних днях ЗИЛа: не столько в качестве памятника советской идеологии и промышленности, сколько как пример уникальной атмосферы, энергии и масштабах того легендарного времени. Саша Генцис стремится рассказать об истории завода и сохранить память о нем для новых поколений. При участии Саши удалось сохранить здание завода проекта архитекторов Весниных. Куратор выставки: Артём Логинов Возрастное ограничение: 18+ Партнёры: Информационные партнёры: «Король Лир» Соломона Михоэлса. Постскриптум к 90-летию великого спектакля .30.03.26-17.08.26 500 ₽ За нами Москва. К 85-летию обороны Москвы .20.04.26-24.08.26 Под маской титульного листа: выставка книг из собрания библиотеки Шнеерсонов .24.06.26-03.10.26 Мы преодолеем. We Shall Overcome .26.06.26-18.07.26 Назад Вперед 2026 2025 2024 2023 2022 2021 20",восточное искусство
Jewish Museum and Tolerance Center,ТРИ РЕЛИГИИ — ЕДИНЕНИЕ МИРА,,2026,post_2022,https://www.jewish-museum.ru/exhibitions/tri-religii-edinenie-mira/,"В 3 сентября в Еврейском музее и Центре толерантности открывается выставка израильского художника Арие Переля «Три религии — Единение Мира». На 36 полотнах зрители увидят истории и образы людей трёх религий – христианской, иудейской и мусульманской. Город, каким его не видят туристы, но где наслоение культур смешалось за тысячелетия в огромный пласт Человеческой Культуры. Герои картин — выхваченные из Иерусалимской толпы глаза и судьбы, лица города, случайно увиденные и запечатленные художником. Внутренняя культура и любовь к человечеству объединяет эти образы, приглашая зрителя смотреть в глаза, изучать графичные портреты, искать похожие черты у каждого, и возможно найти сходство с собой. Этот мир многолик и един одновременно — доказывает своими работами Арие. Выставка является специальным проектом Центра толерантности и проходит при поддержке Правительства Москвы, Столичного цеха деятелей культуры, представителей трех религиозных конфессий Москвы. О художнике: Арие Перель считается очень колоритной фигурой современной еврейской живописи. Художник-самоучка, экспериментировавший на ранних этапах своего творчества мелкой скульптурой из дерева и чугуна. Живописное творчество Арие Переля отличает особая техника, передающая цветовую гамму каждого его настроения и вдохновения в отдельности. Искусствоведы и галеристы ценят работы Арие за экспрессию, энергетику, эмоциональность и особую сермяжную мудрость. Его работы маслом на холсте находятся в частных галереях и у коллекционеров искусства по всему миру — в Израиле, Франции, Англии и др. Арие Перель известен своими необыкновенными сериями: Галактики — серия космических работ с неповторимой игрой и передачей энергетики мира планет. Сотворение Мира – человеческие руки, которые, словно в гончарной мастерской, лепят из потоков и сгустков энергии планеты, их неотр",восточное искусство
Jewish Museum and Tolerance Center,«КОРИДОРЫ. СЕМЬ МИРОВ ВЫСОЦКОГО»,,2026,post_2022,https://www.jewish-museum.ru/exhibitions/koridory-sem-mirov-vysotskogo/,"Общественных и культурных деятелей, изменивших своей деятельностью ход истории или целые поколения людей. 300 ₽ - билет на выставку 150 ₽ - льготный билет на выставку 500 ₽ - билет на выставку и основную экспозицию 250 ₽ - льготный билет на выставку и основную экспозицию Продажа билетов на мероприятие закрыта В Еврейский музей и центр толерантности представляет выставку «Коридоры. Так, Владимир Высоцкий хорошо знал ветвь своей родословной, уводящую к старой еврейской фамилии: «В Риме жили евреи Высоцкие //Неизвестные в высших кругах», – писал поэт. Владимир Высоцкий — многогранная, трагическая и во многом противоречивая фигура: кумир интеллигенции и общенародный любимец; популярный поэт и музыкант, чьи стихи не печатались, а записи не издавались; звезда советского кино с ореолом диссидента. Почти во всех своих песнях он обращается к аудитории от первого лица, поэтому несколько поколений жителей воспринимали его произведения как художественную интерпретацию личной биографии. На самом деле, как часто он сам подчеркивал, его песни — не ретроспекции, а ассоциации: он не был на войне, не сидел в сталинских лагерях и не ходил матросом в море. Высоцкий не излагает историю своей собственной жизни, а предельно выразительно рисует в воображении слушателей живую и яркую поэтическую фантазию. Создатели выставки «Коридоры» предлагают посетителям принципиально новый взгляд на жизнь и творчество Владимира Высоцкого: зритель получает возможность погрузиться в мир оживших образов из произведений поэта в сопровождении его песен. Каждый из залов выставочного пространства — это застывший кинокадр, посвященный конкретной области творческого наследия Высоцкого. Войдя в один из коридоров, посетитель попадёт в столичную коммуналку, в другом окажется в опасной московской подворотне, в третьем заглянет в прифронтовой окоп, в четвертом его встретит советская пивная",восточное искусство
Jewish Museum and Tolerance Center,МЕСТА: ОДНО ЗА ДРУГИМ,,2015,pre_2022,https://www.jewish-museum.ru/exhibitions/mesta-odno-za-drugim/,"Масштабный междисциплинарный проект, стартовавший в 2015 году, проводится Государственным центром современного искусства в составе совместно с Еврейским музеем и центром толерантности и Московским музеем современного искусства. На выставке «Места: одно за другим» будут показаны работы современных российских и зарубежных художников, в числе которых Педро Карбида Райш, Мариетица Потрч, Леонид Тишков, Лука Витоне, Деймантас Наркявичус, Ергин Чавушоглу, Хаим Сокол, Елена и Виктор Воробьевы, Вадим Фишкин и Аслан Гайсумов. Представленные на выставке работы вступают в диалог с пространством и содержанием музея, реагируя на события из истории еврейского народа и на сам музей как место. Произведения размещаются не только в выставочной зоне, но также интегрированы в постоянную экспозицию Еврейского музея и центра толерантности. Название выставки отсылает к работе американского историка искусства Мивон Квон «Места: одно за другим». Именно в этой книге впервые вдумчиво и обстоятельно было описано, как современное искусство осмысляет феномен места. И если в прошлом искусство стремилось воссоздать образы различных локаций, то сейчас оно задалось вопросом: «Что есть место?». К анализу этого понятия обратились философы, социологи, антропологи и урбанисты. Место, в отличие от пространства, задается не географическими координатами, а тем, что оно значит для человека. Немецкий философ Мартин Хайдеггер говорил, что для того, чтобы создать место, необходимо «строить, жить, мыслить». Оно создается человеком не столько путем его буквального конструирования, сколько через опыт его осмысления и существования в нем. Именно поэтому пространство, чтобы стать местом, должно стать неотделимым от человека, а человек, в свою очер",западное искусство
Jewish Museum and Tolerance Center,"«НЕВОЗМОЖНОЕ НЕИЗБЕЖНО. ИДЕИ, КОТОРЫЕ МЕНЯЮТ МИР»",,2026,post_2022,https://www.jewish-museum.ru/exhibitions/nevozmozhnoe-neizbezhno-idei-kotorye-menyayut-mir/,"Это проект о мечтах, которые остаются неизменными на протяжении столетий: стремлении к бессмертию, неограниченному познанию, творению жизни, изобретению вечного двигателя, обретению сверхспособностей и других желаниях, которые сегодня продолжают вдохновлять ученых и изобретателей на создание и применение новых знаний, технологий и бизнес-моделей. Динамика развития цифровых технологий последнего десятилетия позволяет верить, что достижение невозможного — неизбежно. Жизнь до ста, двадцать часов свободного времени в сутки, искусственный компаньон с высочайшим интеллектом, интуицией и эмпатией, изобилие еды и воды, способность читать мысли и разговаривать с животными, независимость от нефти — на наших глазах эти мечты покидают категорию несбыточных. Экспонаты из фондов Политехнического музея, Московского музея дизайна и Музея советских игровых автоматов размещаются по соседству с десятками разработок израильских технологических стартапов. Проект «Невозможное неизбежно» призван рассказать, почему изобретательство и инновационное предпринимательство становятся новой нормой, как изменились принципы работы над созданием новых технологий и почему в этой сфере есть место для каждого. На примере инвестиционно успешных израильских компаний выставка объясняет, какой должна быть экосистема жизнеспособных инноваций и почему успех напрямую связан с дерзостью, привычкой ставить под сомнение авторитеты, способностью конструктивно относиться к неудачам. О неизбежности невозможного вместе с изобретателями рассуждают современные художники — специально для выставки ::vtol::, «Куда бегут собаки», Playtronica, Аня Мохова, Иван Карпов, Денис Патракеев",западное искусство
Jewish Museum and Tolerance Center,«MODERNIST DOCUMENTARY: ФОТОГРАФИЯ ЛЕОНА ЛЕВИНСТАЙНА»,,2018,pre_2022,https://www.jewish-museum.ru/exhibitions/modernist-documentary-fotografiya-leona-levinstayna/,"В Еврейский музей и центр толерантности при поддержке Благотворительного фонда «» Михаила Гуцериева представляет выставку «Modernist Documentary: фотографии Леона Левинстайна». Выставка проходит в рамках Международного месяца фотографии в Москве «Фотобиеннале-2018». Его излюбленные районы – Таймс-сквер, Нижний Ист-Сайд, Кони-Айленд, Пятая Авеню и Гарлем – те, «где происходит жизнь». Эти места нашли отражение в архитектуре и дизайне выставки – попадая в выставочное пространство, гости оказываются на шумной улице Нью-Йорка. Леон Левинстайн является важной фигурой в контексте развития американской фотографии. Художнику удалось выработать свой уникальный визуальный язык: его работы– это смешение документа, формы и эмоции. В своих фотографиях Левинстайн часто прибегал к таким приемам как крупные планы, кадрирование и нестандартные ракурсы, придающие композиции динамику. Оставляя порой лишь самые выразительные элементы человеческого тела в кадре, будь то голова, спина или руки – он низводил форму до абстракции, пластической штудии, не теряя ощущения реальности жизни в ней. Леон Левинстайн, так же как и его современники Диана Арбус, Роберт Франк и Хелен Левитт, фиксировал мимолетность и глубину момента, искали пути выражения своих личных переживаний и взглядов. В широком значении эту группу фотографов называли Нью-Йоркской школой, однако верность этого термина до сих пор оспаривается специалистами. Наставником Леона Левинстайна был легендарный арт-директор журнала Harper’s Bazaar, влиятельный графический дизайнер Алексей Бродович. Несколько лет, проведенных под руководством Бродовича, помогли Левинстайну в формировании собственной художественной эстетики. Второй знаковой фигурой, оказавшей влияние на фотографический метод Левинстайна, стал Сид Гроссман, один из отцов-основателей нью-йоркской Фотолиги и бессменный директор ее школы. Работы Левинстайна были представлены на семи выставках, организованных в МоМА в 1950-е годы",западное искусство
Jewish Museum and Tolerance Center,ДВА ВЗГЛЯДА. ДВЕ СТРАНЫ,,2015,pre_2022,https://www.jewish-museum.ru/exhibitions/dva-vzglyada-dve-strany/,"Проект команды «Colors of Nation / Цвета нации» — свое видение страны через призму искусства. В Центр толерантности и команда «Colors of Nation / Цвета нации» представляет фотовыставку «Два взгляда. Две страны»: Абхазия в объективе израильского фотографа, Израиль — в объективе абхазского. Через призму их взгляда на города — Тель-Авив, Сухум, Апсны, Гагра, произошел взаимный культурный обмен двух стран. В 2015 году по приглашению проекта «Colors of Nation / Цвета нации» фотограф из Израиля Лия Гельдман посетила Абхазию и предложила свое видение страны. А в 2016 году состоялась ответная поездка абхазского фотографа Константина Грецова в Израиль. Результатом этих фотопутешествий стал выставочный проект, уже побывавший там, где его снимали. Анна Савилова, представитель команды «Colors of Nation»: «Мы хотим доступными нам методами продемонстрировать объединяющую силу искусства, показать, что творчество может объединить даже две разные на первый взгляд страны. Мы не случайно выбрали Еврейский музей и центр толерантности для проведения выставки в Москве. Ведь обе страны очень нуждаются в толерантном отношении со стороны других стран, таким образом, мы можем не использую политическую составляющую, только самим местом проведения привлечь естественное внимание к этой проблеме. Между Абхазией и Израилем нет официальных отношений, но наша выставка «Два взгляда. Две страны» как раз демонстрирует объединяющую силу искусства, не зависящую от политических реалий». Символом проекта стал маяк, обозначающий свет, надежду, безопасность и верный путь. Арт-объекты «Маяк Яффы» и «Сухумский маяк» — стали частью экспозиции, которую представляют в Еврейском музее и Центре толерантности. Фотографы проекта Лия Гельдман (Санкт-Петербург — Тель-Авив) — фотограф, журналист, режиссер. В Израиле стала основателем журнала на русском языке о современной израильской жизни Beinizrael.com. В объективе Лии Гельдман — свежий взгляд на маленькую и прекрасную Апсны. Абхазия запомнилась мне прекрасной и противоречивой маленькой страной. С первого поворота извилистой дороги удивляла гостеприимством жит",восточное искусство
Jewish Museum and Tolerance Center,«ПОСМОТРИ В МОИ ГЛАЗА. МОЯ ИСТОРИЯ БОРЬБЫ С РАКОМ»,,2018,pre_2022,https://www.jewish-museum.ru/exhibitions/posmotri-v-moi-glaza-moya-istoriya-borby-s-rakom/,"Многие из них победили болезнь, некоторые до сих пор продолжают борьбу с онкологическим заболеванием. Жизнь каждой изменилась после диагноза, внесла свои коррективы, но несмотря ни на что, женщина остается женщиной. В 13 марта в Еврейском музее и центре толерантности открывается международная выставка «Посмотри в мои глаза. Многие из них победили болезнь, некоторые до сих пор продолжают борьбу с онкологическим заболеванием. Жизнь каждой изменилась после диагноза, внесла свои коррективы, но несмотря ни на что, женщина остается женщиной. Цель проекта – привлечь внимание общества к проблемам онкологии и возможность показать, что каждая женщина красива независимо от диагноза. Благодаря команде профессиональных визажистов, стилистов, фотографов, психологов, операторов, волонтеров, героини благотворительного проекта смогли поверить в себя и осуществить свои мечты. На протяжении двух съемочных дней, женщины были активно вовлечены в творческий процесс съемок. Участие в проекте помогло девушкам почувствовать себя особенным, красивыми и счастливыми в сложный период жизни. Каждая участница, увидев новую себя на фото, с уверенностью может сказать: «Все будет хорошо!» Истории героинь проекта призваны мотивировать всех нас заботиться о своём здоровье, вовремя проходить обследования и, несмотря на диагноз, радоваться жизни. Выставка впервые будет показана в Москве, далее – в регионах России и городах мира. Кульминацией проекта станет художественный фильм журналиста, продюсера, президента «Фонда социального кино» Михаила Комлева «Мой Путь», съемки которого пройдут в разных странах мира в 2018-2019 году. Авторы проекта: • Михаил Комлев - журналист, режиссер, продюсер, президент «Фонда социального кино» • Алена Кузьменко, Юлия Самарцева - общественное движение «», оказывающее психологическую, эмоциональную и информационную поддержу онкобольным и их родственникам • Александра Гаврилова - журналист, ведущая, помощник депутата Государ",восточное искусство
Jewish Museum and Tolerance Center,«С ВИДОМ НА ЖИЗНЬ»,12 марта 2018,2018,pre_2022,https://www.jewish-museum.ru/exhibitions/s-vidom-na-zhizn/,"В С 15 февраля по 12 марта 2018 года в Еврейском музее и центре толерантности пройдет ежегодная выставка творчества подопечных благотворительного фонда «Подари жизнь». Занятия рисованием, лепкой позволяют скрашивать больничные будни и переноситься в мир ярких фантазий и безграничных возможностей. А выставка творчества позволяет рассказать о подопечных детях фонда в период лечения, о качестве жизни во время лечения и ценности этой жизни, о ценности поддержки в этот период. Ребенок — творец - это уже не объект жалости, а интересная личность. Ему есть, что сказать окружающим, он может быть во многом талантливее и мудрее своего зрителя, несмотря на возраст и болезнь. Пространство организуется в виде лабиринта, занимающего практически весь выставочный зал. Выставка построена как понятный современному взрослому и маленькому зрителю квест: непростой путь, который проходят подопечные фонда от «входа в больницу» до возвращения в долгожданную «обычную жизнь», которая теперь уже будет не такой как раньше, но от этого становится еще бесценней и прекрасней. Идея сложности непростых этапов, резких поворотов, неизвестности и манящих перспектив будет реализована в архитектурном и стилистическом решении выставочного пространства. Всего на выставке будет представлено около 500 детских работ: картины, пастели, коллажи, фотографии, видео-проекции, мозаики, витражи, арт-объекты, в том числе интерактивные: тантамарески, магнитные игры, объемные конструкции и многое другое, что создается детьми с тяжелыми заболеваниями в больница",восточное искусство
Jewish Museum and Tolerance Center,СОЮЗ МОЛОДЕЖИ. РУССКИЙ АВАНГАРД 1909–1914,2 сентября 2019,2019,pre_2022,https://www.jewish-museum.ru/exhibitions/soyuz-molodezhi/,"Русский авангард 1909–1914», посвященную творческому объединению ключевых художников-авангардистов первой трети века. Проект представит работы Казимира Малевича, Ольги Розановой, Елены Гуро, Михаила Матюшина, Владимира Татлина, Павла Филонова, Иосифа Школьника, Михаила Ларионова и других – всего порядка 80 произведений 35 художников. Петербургское общество «Союз молодежи» – первое официально зарегистрированное объединение художников авангарда, на полгода опередившее московский «Бубновый валет». С 1910 по 1914 они устроили семь выставок, продемонстрировавших широкий спектр художественных идей и стилей – от символизма до кубофутуризма. Главная идея кураторов выставки – через художественные произведения и документальные материалы рассказать о «Союзе молодежи» как о революционном явлении русского искусства и оценить его влияние на последующие течения и произведения авангарда. В рамках выставки в Москву будут привезены такие шедевры как, «Усовершенствованный портрет И.В. Клюна» работы Казимира Малевича, «Пир королей» Павла Филонова, «Лучистый пейзаж» Михаила Ларионова. Также будут показаны малоизвестные произведения авангарда из Русского музея, художественных музеев России, Латвии и частных собраний. Работы для выставки предоставили 15 российских и зарубежных музеев, а также три частные коллекции. За время существования «Союза молодежи» более 80 авторов смогли показать свои работы. Участие в деятельности общества оказало влияние на творчество ключевых фигур русского авангарда – Ларионова, Малевича, Татлина и других. Силами членов «Союза молодежи» была организована общероссийская площадка для общения между худ",национальное российское искусство
Jewish Museum and Tolerance Center,НЕВАВИЛОНСКАЯ БИБЛИОТЕКА,,2026,post_2022,https://www.jewish-museum.ru/exhibitions/nevavilonskaya-biblioteka/,"В Чтобы посетители музея могли иметь доступ к библиотеке Анны Наринской в любое время и из любого места, мы перенесли ее в онлайн-формат. Часть книг мы сопроводили читательскими впечатлениями людей, которые вносят вклад в искусство, литературу, музыку, философию и журналистику. О том, какую роль в их жизни сыграла та или иная книга, нам рассказывают Борис Гройс, Софья Капкова, Тереза Мавика, Иван Вырыпаев, Мария Степанова, Сергей Гуриев, Оксана Лаврентьеваи многие другие. Название инсталляции отсылает к знаменитому рассказу Борхеса «Вавилонская библиотека», в котором говорится о фантастическом бесконечном расширяющемся хранилище текстов. Это библиотека, в которой все книги отобраны, прочитаны и перечитаны, оплаканы и обдуманы. Это проект, снова сводящий вместе эти составляющие того, что есть для нас «книга». Ее привлекательная предметность – тяжесть, блеск/матовость, цвет переплета, шелест страниц и их запах, та атмосферу спокойствия и зачарованности, которая неизбежно настигает человека, оказавшегося в наполненной книгами комнате. И, собственно, текст. «Невавилонская библиотека» представляет собой тысячу книг – вернее, тысячу бумажных изданий книг – которые Анна Наринская прочитала и считает прекрасными. Там есть сказки, которые читали ей в детстве и которые она потом читала своим детям, сборники стихов, великие философские труды, главные мировые романы, поваренные книги и комиксы. То есть те книги, из чтения которых и складывается человеческая жизнь. Александр Бродский помещает эти книги в оболочку, внутри которой создается отчасти таинственная атмосфера кроличьей норы, куда упала кэролловская Алиса (нора, если кто помнит, была заставлена книжными шкафами), а отчасти воспроизводится дух маленькой передвижной сельской библиотеки. Посетители могут брать книги в руки, листать, читать, переставлять в «своем» порядке. Потому библиотека возникает именно так – из личных отношений человека и книги",западное искусство
Jewish Museum and Tolerance Center,ИГРА С ШЕДЕВРАМИ: ОТ АНРИ МАТИССА ДО МАРИНЫ АБРАМОВИЧ,,2026,post_2022,https://www.jewish-museum.ru/exhibitions/bum-bam-igra-s-shedevrami-ot-anri-matissa-do-mariny-abramovich/,"Выставка показывает шедевры модернизма и современного искусства — от кубизма до видео-арта. Ядро экспозиции составляют работы зарубежных и отечественных художников: Казимира Малевича и Фрэнсиса Бэкона, Роя Лихтенштейна и Виктора Пивоварова, Натальи Гончаровой и Марины Абрамович, Альберто Джакометти и Бриджет Райли, Ансельма Кифера и Нико Пиросмани. «Игра с шедеврами» — прежде всего семейный проект. Выстроенный как аттракцион — для знакомства с работами нужно залезть на лестницу, пригнуться, съехать с горки или заглянуть в шкаф, — он дает детям и взрослым возможность увидеть работы культовых художников вне рамок школ и концепций. В экспозицию вошли избранные произведения – веков: Малевича («Три фигуры в поле»), Бэкона («Набросок головы Джорджа Дайера»), Лихтенштейна («Портрет»), Яковлева («Кошка, поймавшая птицу»), Пивоварова («Паше», «Вике»), Гончаровой («Купальщицы»), Кифера («Адальберту Штифтеру»), а также Кандинского, Пиросмани, Абрамович, Пикассо, Матисса и других известных художников. Всего зрители могут увидеть более 30 работ в разных жанрах: от живописи и фотографии до инсталляции и экспериментальной анимации. Специально к выставке разработана инклюзивная программа для людей с разными типами инвалидности. В рамках программы поддержки людей с нарушением зрения «Особый взгляд» при содействии фонда «Искусство, наука и спорт» созданы тактильные модели, позволяющие незрячим и слабовидящим изучить экспозицию. Для слабовидящих посетителей некоторые объекты дублируются в цвете. Для людей с особенностями интеллектуального развития подготовлена карта сенсорн",западное искусство
Jewish Museum and Tolerance Center,АННА ФРАНК. ДНЕВНИКИ ХОЛОКОСТА,,2026,post_2022,https://www.jewish-museum.ru/exhibitions/anna-frank-dnevniki-kholokosta/,"В Еврейский музей и центр толерантности представляет выставку «Анна Франк. Проект основан на материалах дневников, написанных девочками и девушками в гетто и зонах оккупации. В годы Второй мировой войны многие евреи вели дневники, но сохранились лишь немногие из них: при обнаружении личные записи уничтожались как подлинные исторические документы, свидетельства преступлений. Интерпретировать исторические и эмоциональные образы из дневников будут работы современных художников. Автобиографические тексты, наполненные эмоциями и переживаниями юности, фотографии, исторические артефакты и звуковые инсталляции, воссозданные на основе воспоминаний девушек, призваны раскрыть тему подростковой травмы, памяти и взросления в период Холокоста. В этой тесноте, до отказа набитой впечатлениями и эмоциями, звучит интимный диалог личных историй и современного искусства. На выставке представлены произведения известных художников, для которых тема Холокоста, природы насилия и личной памяти жертв, стала одной из центральных. В их числе: немецкий художник Ансельм Кифер, польский скульптор и видеохудожник Мирослав Балка, французский мультимедийный художник Кристиан Болтански, австрийский акционист Герман Нитч, российский художник Хаим Сокол, израильский фото- и видеохудожник Ори Гершт, авангардист и скульптор Вадим Сидур, а также создатель «саморазрушающегося искусства» Гюстав Мецгер. Дневники Холокоста» — попытка сделать память живой, вспомнить не только страхи и утраты, но мечты и надежды. В атмосфере духоты и абсурдных ограничений Анна Франк, Элен Берр, Ева Хейман и другие девушки пишут о первой любви, о цветах и красивых платьях, о страсти к книгам и знаниям. Материалы дневников позволили кураторам выставки раскрыть переживания девушек в разных измерениях — пространственном, звуковом и визуальном. Архитектура выставки служит напоминанием о тесноте чердаков и подвалов, охраняемых периметров переполненных гетто, враждебных улиц еще вчера родных городов.",западное искусство
Jewish Museum and Tolerance Center,«ИСХОД»: ВЫСТАВКА ДЛЯ РОДИТЕЛЕЙ И ДЕТЕЙ,,2026,post_2022,https://www.jewish-museum.ru/exhibitions/iskhod-vystavka-dlya-roditeley-i-detey-v-evreyskom-muzee/,"Она посвящена одной из самых важных библейских историй – истории о порабощении евреев в Египте, а также об Исходе, их освобождении – не только физическом, но и духовном. В Детский центр при Еврейском музее и центре толерантности представляет семейную выставку «Исход». Она посвящена одной из самых важных библейских историй – истории о порабощении евреев в Египте, а также об Исходе, их освобождении – не только физическом, но и духовном. Выставка «Исход» состоит из двух частей: первая – рассказ об Исходе с иллюстрациями из манускриптов Средних веков и Нового времени. Рассказ об Исходе на выставке представлен в виде иллюстраций из нескольких манускриптов Пасхальной Агады, принадлежавшей как сефардским евреям, так и ашкеназам. Эти манускрипты представляют собой библиографическую редкость и находятся в специальных хранилищах в библиотеках и музеях разных стран – именно в них нашли свое отражение древние предания и их восприятие в религиозном сообществе. Технологии дополненной реальности позволят «оживить» некоторые иллюстрации из манускриптов, чтобы ближе познакомиться с преданием: для этого необходимо скачать на смартфон приложение «Еврейский музей и » и навести фотокамеру на картинку. В священном писании еврейский народ назван в том числе и «овцами божьими» – это сравнение могло возникнуть как раз во времена египетского плена и намекает на общность и кротость иудеев. Бога, в свою очередь, сравнивают с пастухом, а Моше, его пророк, был пастухом в действительности. Инсталляция «Моше и овцы» посвящена этой аллегории, и в ее дополнении может принять участие каждый посетитель. В рамках инсталляции ежедневно будет работать ателье, сотрудники которого предложат посетителям сделать собственную овечку – ее можно забрать с собой как сувенир или оставить частью инсталляции. «Король Лир» Соломона Михоэлса",восточное искусство
Jewish Museum and Tolerance Center,(НЕ) ВРЕМЯ ДЛЯ ЛЮБВИ,,2026,post_2022,https://www.jewish-museum.ru/exhibitions/-ne-vremya-dlya-lyubvi/,"В Еврейский музей и центр толерантности представляет выставку «(Не) время для любви. В основе проекта — дневники, мемуары и биографические романы, опубликованные в течение последних двух десятилетий бывшими узниками концлагерей, еврейскими партизанами и подпольщиками, их детьми, внуками и приглашенными биографами. Эти истории призваны напомнить о том, что геноцид евреев — это трагедия, у которой много лиц и последствий, это опыт, о котором не менее важно говорить, обращаясь к повседневному опыту жертв. Выставка «(Не) время для любви» выбирает тему любви и заботы в годы Холокоста в поиске новых ракурсов для разговора о травме и нового языка для репрезентации индивидуальной памяти. Проект расскажет 11 историй любви: Инге Кац и Шмуеля Бергера, Рошель Шлейф и Джека Сутина, Мани Нагельштейн и Мейера Коренблита и других жертв трагедии, переживших разлуки, смерть детей, друзей и близких в годы войны. Выставка объединяет работы известных художников, исследующих опыт Холокоста, и современное израильское искусство, представляющее субъективную оценку военных преступлений после Шоа — актов геноцида, террористических атак, истязаний военнопленных. На выставке можно увидеть работы французского художника Кристиана Болтански, польского скульптора Мирослава Балки, графику бывших узников концлагерей Эстер Шенфельд, Илки Гедо, а также инсталляции современных художников Сигалит Ландау, Таль Шохат, Михаль Ровнер, Ли Янор, Рами Атера, Моша Каши, Нелли Агасси, Рани Ланда, Богны Бурска, Лиор Вагимы, Давида Паломбо, Хаима Сокола, Уильяма Фойла и других",западное искусство
Jewish Museum and Tolerance Center,КАК СТАТЬ ЕВРЕЕМ? БУДНИ И ТРАДИЦИИ ЕВРЕЙСКОГО ДЕТСТВА,,2026,post_2022,https://www.jewish-museum.ru/exhibitions/-kak-stat-evreem-budni-i-traditsii-evreyskogo-detstva/,"Она расскажет о ритуалах, играх и артефактах, из которых складывается детский мир в еврейской семье. В Виртуальный тур по выставке 28 ноября в Еврейском музее и центре толерантности состоялось открытие выставки «Как стать евреем? Будни и традиции еврейского детства». Она рассказывает о ритуалах, играх и артефактах, из которых складывается детский мир в еврейской семье. Любая национальная культура состоит из обрядов и церемоний, которые формируют самосознание, чувство причастности к своему народу и связь поколений. Еврейские традиции и обычаи передаются внутри семьи через увлекательные истории, действия, подарки и прочие запоминающиеся события. Многие периоды жизни ребенка имеют свои ритуальные формы: обрезание, выкуп первенца, первая стрижка, первый день учебы, совершеннолетие. «Детская аудитория для музея, наверно, самая сложная. Мы руководствуемся принципом живого вовлечения в экспозиционное повествование, и нам важно, чтобы для ребёнка процесс познания проходил увлекательно. Каждый интерактивный стенд создан в соотвествии с темой: представлен как исторический контекст, так и современная практика иудаизма. Возможности музея позволяют создавать информационно насыщенное игровое пространство, чтобы даже самый юный посетитель смог через прямое взаимодействие с предметами, мультимедийными панелями приобрести новые знания» — подчеркнул Александр Борода, генеральный директор Еврейского музея и центра толерантности. Как только ребенок немного подрастает, родители знакомят его с еврейскими праздниками. Этот праздник — символ обновления, а само слово «Ханука» этимологически близко к понятию «хинух» — воспитание. Точно так же, как история праздника рассказывает нам о победе веры над язычеством и нонконформизма над приспособленчеством, современная Ханука становится символом",национальное российское искусство
Jewish Museum and Tolerance Center,НЕСОМНОЙ,,2026,post_2022,https://www.jewish-museum.ru/exhibitions/nesomnoy-/,"Веб-проект Еврейского музея и «Таких дел» о насилии, которое мы не замечаем. В Еврейский музей и центр толерантности вместе с порталом «Такие дела» представляют веб-проект «Несомной». В его основе лежит документальный фильм, герои которого пережили эмоциональную травму и приняли решение исследовать свой опыт перед камерой. Они рассказывают об абьюзе, агрессии, манипуляциях; травле в школе, интернете или на работе; конфликтах родителей и детей, друзей или партнеров и приглашают зрителя обсудить их истории или поделиться собственной. Помимо фильма, веб-проект включает в себя тексты, подготовленные авторами «Таких дел», методические рекомендации для взрослых и детей, а также лекции. В рамках проекта подготовлена публичная программа, которая будет представлена на площадке Еврейского музея. Сюжет фильма построен на ситуациях, участником или свидетелем которых был почти каждый человек. Среди них — детские воспоминания, в которых родители кричали друг на друга, повышали голос и поднимали руку на ребенка; школьные годы, когда было одинаково просто как участвовать в травле более уязвимого одноклассника, так и самому стать объектом насмешек; истории отношений, в которых один из партнеров был сильным, а другой — зависимым; работа, которая превращала человека в функцию, и сотрудники, ведущие войну друг против друга. Главную роль в веб-проекте «Несомной» играет зритель: он должен быть готов к тому, что фильм в буквальном смысле слова будет говорить с ним, предлагать отрефлексировать опыт героев, исследовать собственные ощущения и делиться ими. Для этого в проекте реализована функция совместного просмотра: перед тем, как начать смотреть документальный фильм, зрителю предложат отправить ссылку близкому человеку и запустить показ одновременно. Время от времени фильм будет прерываться и предлагать зрителям обсудить увиденное — это можно сделать с помощью видеочата прямо внутри проекта. Но фильмы для просмотра вдвоем и в одиночку будут отличаться. Для того, чтобы глубже понять описываемое пространство насилия, авторы веб-проекта провели исследовательскую работу вместе с социальным антропологом и психологом. «Опираясь на полученное знание, мы отказались от какой-либо оценки поступков героев, теоретизации их опыта и заняли позицию молч",восточное искусство
Jewish Museum and Tolerance Center,ПРАЗДНИК СВОБОДЫ. ИСТОРИЯ И ТРАДИЦИИ ПЕСАХА,,2026,post_2022,https://www.jewish-museum.ru/exhibitions/prazdnik-svobody/,"И .30.03.21-21.05.21 Еврейский музей и центр толерантности представляет выставку, посвященную Песаху. Песах — это та самая история о порабощении евреев в Египте, о десяти казнях, волнах моря, которые расступились перед евреями, о странствиях по пустыне и священных скрижалях, которые получил Моисей на горе Синай. В Еврейский музей и центр толерантности представляет выставку, посвященную Песаху. Историю этого праздника можно назвать «популярной»: она нашла широкое отражение в культуре (в том числе – в массовой) и породила множество аллюзий на современность. Отрывки из нее знает почти каждый: Песах – это та самая история о порабощении евреев в Египте, о десяти казнях, волнах моря, которые расступились перед евреями, о странствиях по пустыне и священных скрижалях, которые получил Моисей на горе Синай. Что такое Песах? Песах – праздник освобождения от рабства как физического, так и духовного. Эмоциональная составляющая праздника не менее важна, чем строгое соблюдение пасхальных традиций. В то же время на праздничном столе обязательно должна быть маца – лепешки из незаквашенного теста – а также горькая зелень и вино. Эти продукты – часть Седера, пасхальной трапезы в кругу семьи. Ее всегда сопровождает чтение Агады – рассказа о египетском плене, Исходе и чудесах, сопровождавших освобождение. Все это должно напомнить о невероятной силе человеческого духа, способного не только сломать оковы рабства, но и привести к истинной вере – пусть и через препятствия. Праздник свободы Инсталляция в Еврейском музее – это иллюстрированный рассказ об истории праздника Песах. Она покажет артефакты из различных культурных традиций: уникальные марокканские и иракские манускрипты века, немецкие иллюстрированные Агады начала века, восточноевропейские атрибуты пасхального застолья, современную фотографию и многое другое. Выставка представит экспонаты из коллекции семьи Гросс (Израиль), Музея истории евреев в России и Еврейского музея и центра толерантности. Вход по билету на основную экспозицию. «Король Лир» Соломона Михоэлса. Постскриптум к 90-летию великого спектакля .30.03.26-17.08.26 500 ₽",восточное искусство
Jewish Museum and Tolerance Center,"НИ МЕРЫ, НИ НАЗВАНЬЯ, НИ СРАВНЕНЬЯ",,2026,post_2022,https://www.jewish-museum.ru/exhibitions/ni-mery-ni-nazvanya-ni-sravnenya/,"Проект рассказывает о проводившейся нацистами на оккупированных территориях политике тотального уничтожения населения. В Еврейский музей и центр толерантности представляет выставку, посвященную Великой Отечественной войне, — «Ни меры, ни названья, ни сравненья» [1]. Проект рассказывает о проводившейся нацистами на оккупированных территориях политике тотального уничтожения населения. Сожженные деревни, разрушенные города, массовые убийства, голод и изнурительный труд – на территории Советского Союза солдатам вермахта было приказано проявлять предельную жестокость к гражданскому населению. В качестве основания нацистская пропаганда представляла «коммунистическо-жидо-большевистским» государством, а населяющие его народы — «азиатско-славянскими, неполноценными», угрожающими всему «цивилизованному расово чистому государству». В раздел выставки, посвященный гибели деревень, включены неизвестные фотографии военного времени, многие из которых были сделаны самими нацистами. Еврейский музей и центр толерантности попытался воссоздать мир русской деревни, который вместе с уничтожением целых областей исчез навсегда. Тема ленинградской блокады, которой в последние годы было посвящено довольно много внимания, открывается через восприятие детей, переживавших страшные 900 дней в отрезанном от жизни городе. На выставке будут представлены личные вещи детей из собрания Мемориального музея обороны и блокады Ленинграда. Попытка уничтожения Ленинграда и его жителей – самый яркий пример гитлеровского замысла истребления города как административной единицы на всей оккупированной территории. Выставка включает в себя кинохронику, запечатлевшую бомбардировки Сталинграда и Мурманска; о масштабах разрушения последнего известно совсем немногим",восточное искусство
Jewish Museum and Tolerance Center,"МИР КАК БЕСПРЕДМЕТНОСТЬ. РОЖДЕНИЕ НОВОГО ИСКУССТВА: КАЗИМИР МАЛЕВИЧ, ПАВЕЛ ФИЛОНОВ, МАРК ШАГАЛ, АННА ЛЕПОРСКАЯ И ДРУГИЕ",5 ноября 2021 — 20 февраля 2022,2021,pre_2022,https://www.jewish-museum.ru/exhibitions/mir-kak-bespredmetnost-rozhdenie-novogo-iskusstva-kazimir-malevich-pavel-filonov-mark-shagal-anna-le/,"Продажа билетов на мероприятие закрыта В С 20 октября 2022 по 19 февраля 2023 года в Еврейском музее и центре толерантности проходит выставка «Мир как беспредметность. Рождение нового искусства: Казимир Малевич, Павел Филонов, Марк Шагал, Анна Лепорская и другие». Проект реализован совместно с «Энциклопедией русского авангарда» и Ельцин Центром. На выставке представлено 98 работ из Русского музея, Третьяковской галереи, им. Пушкина, Государственного Эрмитажа, Научно-исследовательского музея при Российской академии художеств, Вятского художественного музея, Краснодарского краевого художественного музея, Томского областного художественного музея, Ярославского художественного музея, Витебского областного краеведческого музея, Музея-усадьбы «Кусково», а также частных коллекций. Среди художников, чьи произведения показаны в экспозиции, — Марк Шагал, Казимир Малевич, Лев Юдин, Константин Рождественский, Анна Лепорская, Илья Чашник, Николай Суетин, Валентин Курдов, Вера Ермолаева, Михаил Векслер, Павел Филонов, Михаил Матюшин, Эдуард Криммер, Роберт Фальк, Дмитрий Санников, Иван Гаврис и другие. Государственная Третьяковская галерея после проведенной реставрации предоставила на выставку пострадавшую в декабре 2021 года работу Анны Лепорской «Три фигуры». Впервые выставочный проект был показан в арт-галерее Ельцин Центра (5 ноября 2021 — 20 февраля 2022). Московская версия существенно дополнена и расширена, в том числе графикой из Третьяковской галереи, супрематистским фарфором из Государственного Эрмитажа и Музея-усадьбы «Кусково», живописью из Витебского областного краеведческого музея. Важнейшей частью московской выставки стал специальный проект «Я — Малевич» — новаторский эксперимент, сочетающий исследования, игровые элементы и цифровые технологии, который предлагает зрителям увидеть выставку глазами одного из десяти художников, чьи работы представлены в экспозиции. С помощью своего смартфона, наушников и -кода игры «Я – Малевич» посетитель может выбрать, от чьего лица посмотреть выставку",национальное российское искусство
Jewish Museum and Tolerance Center,ЧУВСТВО ДОМА,25 июля 2022,2022,transition_2022,https://www.jewish-museum.ru/exhibitions/chuvstvo-doma/,"Проект представляет работы 12 фотографов: Димы Жарова, Ольги Изаксон, Марины Меркуловой, Дарьи Назаровой, Юлии Невской, Владислава Некрасова, Станиславы Новгородцевой, Владимира Севриновского, Фёдора Телкова, Юрия Фокина, Станислава Чекмаева, Анастасии Яковицкой. Выставка организована совместно с исследовательским проектом «Заповедник» (Фонд «Общественное мнение»). Здесь представлены фотоистории о родовых башнях Северной Осетии, народе чаты в Новосибирской области, российских казахах в Омской области. О том, как и почему даже самые убежденные кочевники перестают переезжать с места на место, оседают, обустраиваются, отправляют детей в школы и постепенно интегрируются в местные с",национальное российское искусство
Jewish Museum and Tolerance Center,«РАЗГУЛЯЙ. ПРОЩАНИЕ»: ПЕРСОНАЛЬНАЯ ВЫСТАВКА СЕМЁНА ФАЙБИСОВИЧА,23 сентября 2022,2022,transition_2022,https://www.jewish-museum.ru/exhibitions/razgulyay-proshchanie-personalnaya-vystavka-semyena-faybisovicha/,"В экспозицию вошли около 50 произведений художника, большая часть из которых была создана в Москве и ранее не демонстрировалась широкой публике. Будничные, «случайные» образы столицы и ее обитателей стали главной темой творчества Семёна Файбисовича еще в 1980-е, однако каждое десятилетие требовало от художника использования новой оптики, стилистических подходов и созвучных времени технологических решений. Отличительной чертой творчества Файбисовича является пристальность его взгляда, способного сфокусироваться и выделить нечто особенное в самых банальных, казалось бы, сюжетах повседневности. И хотя имя Семёна Файбисовича прочно ассоциируется с термином «фотореализм», отправной точкой его работ всегда служила не фотография, а реальное жизненное впечатление, под которое и собирался фотоматериал. В результате произведения художника не поддаются какой-либо однозначной дефиниции, находясь в диапазоне от документального снимка до полуабстрактной живописи. Обращение к теме «маленького человека» связано у художника исключительно со стремлением говорить правду, показать жизнь как она есть. В то же время эта реальность художественно преобразуется, и здесь большую роль играет ракурс и положение человеческих фигур, их взаимоотношение с пространством холста и, наконец, масштаб, при помощи которого самые невзрачные образы подчас приобретают эпическое звучание. Ядро экспозиции составляют произведения из цикла «Ночной Разгуляй», ставшего последним живопи",национальное российское искусство
Jewish Museum and Tolerance Center,THE LONKA PROJECT. ЧЕЛОВЕК ПОД НОМЕРОМ,,2018,pre_2022,https://www.jewish-museum.ru/exhibitions/the-lonka-project-chelovek-pod-nomerom/,"Она станет частью международного фотопроекта о людях, переживших Холокост, и покажет более 60-ти портретных снимков. Продажа билетов на мероприятие закрыта В Виртуальный тур по выставке Еврейский музей и центр толерантности представляет выставку «The Lonka Project. Она станет частью международного фотопроекта о людях, переживших Холокост, и покажет более 60-ти портретных снимков. После смерти матери Рина и ее супруг Джим Холландер, фоторепортеры, специализирующиеся на ближневосточной тематике, обратились к профессиональным фотографам с просьбой создать портреты людей, переживших Холокост, и записать их воспоминания. Критериев для фото не было никаких: это мог быть цветной или черно-белый снимок, сделанный с любого ракурса. Мировое фотосообщество откликнулось на просьбу: более 300 фотографов из 30 стран приняли участие в проекте. В их числе – члены агентства Magnum Алек Сот, Жиль Пересc и Эли Рид, лауреаты World Press Photo Эд Каши и Джейн Эвелин Этвуд. Каждый из них смог по-своему передать хрупкость и силу выживших женщин и мужчин. На фотографиях оказались Анита Ласкер-Вальфиш – виолончелистка, игравшая в женском оркестре в Освенциме; британский стрит-фотограф Дороти Бом; Лилиана Сегре – пожизненный сенатор Италии; чемпион-тяжелоатлет сэр Бен Хельфготт и оскароносный кинорежиссер Клод Лелуш. Кураторами выставки в Еврейском музее стали Анна-Патрисия Кан, директор галереи CLAIRbyKahn в Цюрихе, член проекта «Лонка»; куратор фотографических проектов Нина Гомиашвили и куратор Еврейского музея и центра толерантности Лия Чечик. В своем выборе кураторы стремились отразить эмоциональный диалог между фотографами и выжившими: «Мы являемся последним поколением, у которого есть исключительная возможность скрестить взгляды эпох и услышать личные вос",восточное искусство
Jewish Museum and Tolerance Center,ТИНЬКОФФ ГОРОД: ЭНДИ УОРХОЛ И РУССКОЕ ИСКУССТВО,,2021,pre_2022,https://www.jewish-museum.ru/exhibitions/tinkoff-gorod-endi-uorkhol-i-russkoe-iskusstvo-2RanykCN8p8/,"В В Еврейском музее и центре толерантности открывается масштабный проект «Тинькофф Город: Энди Уорхол и русское искусство». В экспозицию войдут более 60 произведений Энди Уорхола и 50 работ современных российских художников из частных собраний. В 60-е годы Энди Уорхол говорил о себе: «Я стану твоим зеркалом». Художник, еще при жизни ставший иконой поп-арта, оказал огромное влияние не только на американское искусство второй половины века, но и на глобальные процессы, происходившие в мировой культуре. Работы Уорхола, в которых он обращался к темам славы, богатства, рекламы и консьюмеризма, спровоцировали появление абсолютно нового подхода в философии искусства и нового образа художника. «Бренд Уорхола» сыграл особую роль в формировании современного российского искусства, совпавшего с процессом формирования в стране арт-рынка. В этот период особую актуальность приобрело осмысление советской истории через темы американского поп-арта, когда вместо культа потребления исследовался культ потребления продуктов идеологии. Задача выставки – сформировать диалог между работами Энди Уорхола и ведущих российских художников и продемонстрировать многообразие, глубину и преемственность творческих методов короля американского поп-арта. Куратор Яна Звенигородская и архитектор Анна Румянцева создали сложное и многочастное экспозиционное пространство, занимающее Лобби и Левую галерею Еврейского музея",национальное российское искусство
Jewish Museum and Tolerance Center,ТАК ГОВОРИЛИ МУДРЕЦЫ: ВЫСТАВКА ТАЛМУДОВ ИЗ КОЛЛЕКЦИИ ШНЕЕРСОНОВ,,2026,post_2022,https://www.jewish-museum.ru/exhibitions/tak-govorili-mudretsy-vystavka-talmudov-iz-kollektsii-shneersonov/,"В В период с 1 сентября по 31 декабря библиотека Шнеерсонов присоединится к выставке изданий Талмудов библиотеки Исследовательского центра и представит самые ценные и необычные антикварные издания Талмудов из своей коллекции. В центре экспозиции один из самых ценных экземпляров — это издание Вавилонского Талмуда, выпущенное в Амстердаме в середине в. Его отличает качественная бумага, книжный блок с золотым обрезом, широкие поля, кожаный переплет с металлическими застежками. На титульном листе можно увидеть виньетку с изображением звезды, льва и башни — знак отличия Типографии Бенвинисте, выпустившей книги, которые стали эталоном в еврейском мире. На выставке посетители смогут ознакомиться и с амстердамским изданием 1752 г., выпущенном типографией Пропсов. Помимо этого, в экспозиции представлены издания, выпущенные еврейскими типографиями в Вильно и Житомире. Виленское издание 1897 г. из Типографии вдовы и братьев Ромм копирует издание той же типографии 1880-х гг., самое знаменитое издание Талмуда в России. Постскриптум к 90-летию великого спектакля .30.03.26-17.08.26 500 ₽ За нами Москва. К 85-летию обороны Москвы .20.04.26-24.08.26 Под маской титульного листа: выставка книг из собрания библиотеки Шнеерсонов .24.06.26-03.10.26 Мы преодолеем. We Shall Overcome .26.06.26-18.07.26 Назад Вперед 2026 2025 2024 2023 2022 2021 2020 2019 2018 2017 2016 2015 2014 2013 И Даю согласие на обработку своих персональных данных в соответствии с политикой обработки персональных данных Используется технология Yandex SmartCaptcha",восточное искусство
Jewish Museum and Tolerance Center,ЛЕВ БОРОДУЛИН. ПРЕДУГАДАТЬ МОМЕНТ,17 ноября 2023,2023,post_2022,https://www.jewish-museum.ru/exhibitions/lev-borodulin-predugadat-moment/,"В С 3 августа по 17 ноября 2023 года в Еврейском музее и центре толерантности проходит выставка, посвященная жизни и творчеству легендарного спортивного фотографа Льва Бородулина. Организаторами выставки выступили Еврейский музей и Израильский культурный центр «Натив» при Посольстве Государства Израиль в . Легенда мировой фотографии, обладатель золотой медали за достижения в жанре спортивного снимка, Лев Бородулин стал настоящим новатором в профессии. Его учеба в Московском полиграфическом институте пришлась на годы Великой Отечественной войны: в 1941 году, после первого курса в Московском полиграфическом институте Бородулин ушел на фронт. Он был награжден медалями «За оборону Москвы» и «За взятие Берлина», вернулся с войны и закончил обучение. Годы спустя Лев Абрамович стал одним из ведущих фотографов самого главного на советском пространстве периодического издания — журнала «Огонек». Его снимок с летних Олимпийских игр 1960 года, размещенный редактором на обложке, подвергся критике члена Президиума Михаила Суслова. На фото «С вышки» спортсменка запечатлена со спины в момент прыжка. Бородулина стали обвинять в формализме, однако этот случай прибавил к его репутации характеристику авангардиста, что в период оттепели стало для фотографа приобретением. Он продолжил снимать спортивные мероприятия, а также повседневный быт Израиля. Как и во время жизни в , Бородулин много путешествовал, сохраняя впечатления в фотографиях. Фотографии Льва Бородулина продавались на престижных аукционах Sotheby’s и Christie’s, английский ежегодник Photography Year Book признал его звездой мировой фотографии (1964), японская газета «Асахи» назвала «лучшим фотографом года» (1967), а в 1971 году Бородулин был награжден золотой медалью в области спортивно",восточное искусство
Jewish Museum and Tolerance Center,ТАК ГОВОРИЛИ МУДРЕЦЫ: ВЫСТАВКА ТАЛМУДОВ ИЗ СОБРАНИЯ МУЗЕЯ,12 ноября 2023,2023,post_2022,https://www.jewish-museum.ru/exhibitions/tak-govorili-mudretsy-vystavka-talmudov-iz-sobraniya-muzeya/,"В С 1 августа по 12 ноября 2023 года в читальном зале библиотеки Еврейского музея и центра толерантности проходит выставка антикварных печатных изданий Талмуда из собрания музея. Проект приурочен к открытию инсталляции «Талмуд» в основной экспозиции музея. На выставке представлены четыре трактата Вавилонского Талмуда, изданные в веке в еврейских типографиях в Житомире, Вильнюсе и Варшаве. Также в экспозиции можно увидеть печатную металлическую форму для трактата Бава Батра из фондов Еврейского музея и узнать об истории развития еврейского печатного дела в Российской империи. Наши библиотекари с удовольствием расскажут вам об экспонатах и ответят на вопросы. Постскриптум к 90-летию великого спектакля .30.03.26-17.08.26 500 ₽ За нами Москва. К 85-летию обороны Москвы .20.04.26-24.08.26 Под маской титульного листа: выставка книг из собрания библиотеки Шнеерсонов .24.06.26-03.10.26 Мы преодолеем. We Shall Overcome .26.06.26-18.07.26 Назад Вперед 2026 2025 2024 2023 2022 2021 2020 2019 2018 2017 2016 2015 2014 2013 И Даю согласие на обработку своих персональных данных в соответствии с политикой обработки персональных данных Используется технология Yandex SmartCaptcha",восточное искусство
Jewish Museum and Tolerance Center,НА ЯЗЫКЕ ПРАВИЛ И ИСКЛЮЧЕНИЙ. НАУКА И ИСКУССТВО,,2022,transition_2022,https://www.jewish-museum.ru/exhibitions/na-yazyke-pravil-i-isklyucheniy-nauka-i-iskusstvo/,"И .04.04.23-10.09.23 Выставка для всей семьи рассказывает о взаимосвязи двух важнейших видов человеческой деятельности: науки и искусства. Продажа билетов на мероприятие закрыта В Еврейский музей и центр толерантности представляет один из самых ярких проектов сезона — семейную выставку «На языке правил и исключений. Наука и искусство», организованную совместно с Политехническим музеем. Выставка проходит в рамках объявленного в России Десятилетия науки и технологий (2022–2031). Среди представленных в экспозиции мастеров — Рембрандт Харменс ван Рейн, Питер Брейгель Младший, Кацусика Хокусай, Жорж Сёра, Фернан Леже, Жоан Миро, Казимир Малевич, Павел Филонов, Иван Леонидов, Константин Юон, Юрий Пименов, Дмитрий Плавинский, Вячеслав Колейчук, Франциско и Платон Инфанте-Арана, Билл Виола и другие. На выставке можно найти и работу «Кристалл света. (Груз малой скоростью)» современных немецких художников Molitor&Kuzmin, уже много лет выполняющих объекты из различных светящихся элементов. Произведения предоставлены крупнейшими российскими институциями, среди которых Государственный Эрмитаж, Государственная Третьяковская галерея, им. Пушкина, Государственный музей Востока, Музей архитектуры имени А.В. Щусева, Stella Art Foundation, а также частными коллекционерами. Политехнический музей предоставил ключевые экспонаты для разных разделов выставки. Это редкие и ценные приборы, не менее сложные в создании, чем произведения изобразительного искусства. Мастера прошлого уделяли немало внимания и эстетической красоте предметов. Гости смогут увидеть телескоп века, солнечный микроскоп века, складные солнечные часы и единственный уцелевший до наших дней регистрир — прибор для записи сейсмических вертикальных колебаний. Также на выставке представлены экспонаты Политехнического, которые помогали изучать и демонстрировать действие законов о",восточное искусство
Jewish Museum and Tolerance Center,БУХАРСКИЕ ЕВРЕИ: НА ПЕРЕКРЕСТКЕ ЦИВИЛИЗАЦИЙ,3 сентября 2023,2023,post_2022,https://www.jewish-museum.ru/exhibitions/bukharskie-evrei-na-perekrestke-tsivilizatsii/,"Место проведения: Место проведения: Архитектурное решение выставки: Архитектурное решение выставки: Возраст: Возраст: В С 3 марта по 3 сентября 2023 года в Еврейском музее и центре толерантности проходит выставка «Бухарские евреи: на перекрестке цивилизаций». Этот масштабный совместный проект Еврейского музея и Музея истории евреев в России представляет историю и культуру бухарских евреев как феномен особой еврейской идентичности в контексте культур Центральной Азии. На выставке представлено около 200 экспонатов, некоторые из которых ранее не показывались публично. Это образцы народного искусства и предметы быта, изделия ремесленников, ритуальные предметы, амулеты, уникальные исторические документы и фотографии. Значительное место в экспозиции отведено традиционной одежде бухарских евреев и образцам ткачества и золотого шитья. Большинство произведений являются частью коллекции Музея истории евреев в России и собраны в еврейских семьях в ходе музейных экспедиций в Среднюю Азию. Также на выставке представлены экспонаты из собрания Российского этнографического музея, Фонда Марджани и частных коллекций. Выставки подобного масштаба и наполнения еще не было ни в одном этнографическом, еврейском или художественном музее. Как особый еврейский субэтнос бухарские евреи окончательно сформировались в веке на территории центральноазиатских мусульманских государств: Бухарского эмирата, Кокандского и Хивинского ханств",восточное искусство
Jewish Museum and Tolerance Center,ПЕРЕПЛЕТЫ КОЛЛЕКЦИИ ШНЕЕРСОНОВ,1 сентября 2023,2023,post_2022,https://www.jewish-museum.ru/exhibitions/pereplety-kollektsii-shneersonov/,"В В отделе Российской государственной библиотеки «Библиотека Шнеерсона» на базе Еврейского музея и центра толерантности с 1 июня по 1 сентября 2023 года проходит выставка «Переплеты коллекции Шнеерсонов». Этой династии есть, что рассказать о зарождении и развитии переплетного искусства. Также можно записаться на приуроченную к выставке экскурсию, которую проведут сотрудники библиотеки. Постскриптум к 90-летию великого спектакля .30.03.26-17.08.26 500 ₽ За нами Москва. К 85-летию обороны Москвы .20.04.26-24.08.26 Под маской титульного листа: выставка книг из собрания библиотеки Шнеерсонов .24.06.26-03.10.26 Мы преодолеем. We Shall Overcome .26.06.26-18.07.26 Назад Вперед 2026 2025 2024 2023 2022 2021 2020 2019 2018 2017 2016 2015 2014 2013 И Даю согласие на обработку своих персональных данных в соответствии с политикой обработки персональных данных Используется технология Yandex SmartCaptcha",восточное искусство
Jewish Museum and Tolerance Center,ВЫСТАВКА КНИГ СЕМЬИ СОЛОВЕЙ,28 мая 2023,2023,post_2022,https://www.jewish-museum.ru/exhibitions/vystavka-knig-semi-solovey/,"В С 29 марта по 28 мая 2023 года в читальном зале библиотеки Еврейского музея и Центра толерантности проходит выставка старинных книг из собрания семьи Соловей. Книжное собрание принадлежало Мануилу Соловью (1898–1985 гг.) – советскому врачу и талантливому талмудисту. Коллекция формировалась в первой половине века двумя поколениями семьи Соловей — Мануилом и его отцом Гершоном. Библиотека семьи насчитывает более сотни книг, основа собрания — старые религиозные книги - веков. На страницах изданий сохранились многочисленные рукописные заметки и подписи прежних владельцев, печати и экслибрисы. Наши библиотекари с удовольствием расскажут вам об экспонатах и ответят на вопросы. Постскриптум к 90-летию великого спектакля .30.03.26-17.08.26 500 ₽ За нами Москва. К 85-летию обороны Москвы .20.04.26-24.08.26 Под маской титульного листа: выставка книг из собрания библиотеки Шнеерсонов .24.06.26-03.10.26 Мы преодолеем. We Shall Overcome .26.06.26-18.07.26 Назад Вперед 2026 2025 2024 2023 2022 2021 2020 2019 2018 2017 2016 2015 2014 2013 И Даю согласие на обработку своих персональных данных в соответствии с политикой обработки персональных данных Используется технология Yandex SmartCaptcha",восточное искусство
Jewish Museum and Tolerance Center,ВЫСТАВКА-ПУТЕШЕСТВИЕ «В ОЖИДАНИИ ЧУДА. ПОСВЯЩЕНИЕ МАРКУ ШАГАЛУ»,16 января 2025,2025,post_2022,https://www.jewish-museum.ru/exhibitions/vystavka-puteshestvie-v-ozhidanii-chuda-posvyashchenie-marku-shagalu/,"Посвящение Марку Шагалу», основанная на книге Марка Шагала «Моя жизнь», продлена до 16 января 2025 года (включительно). Возраст: 0+ 500 ₽ Продажа билетов на мероприятие закрыта В Детство и юность, проведенные в Витебске, всегда оставались для Марка Шагала источником вдохновения. Образы из книги «Моя жизнь» возникают в произведениях художника, сумевшего наполнить повседневный быт местечка любовью и волшебством. Семь разделов знакомят зрителей с героями художника и любимыми сюжетами. О животных, постоянных участниках картин Шагала, рассказывает интерактивный теневой театр, где можно создать своих летающих зверей и птиц. Следующий раздел выставки посвящен первому парижскому путешествию художника. Помимо мастерской, связанной со знаменитым монпарнасским «Ульем», здесь представлен бродячий цирк, привлекавший не одно поколение парижских модернистов. Посетители могут примерить цирковой костюм, попробовать себя в амплуа жонглера или порисовать на огромной раскраске, посвященной цирку. Экспозицию дополняют живописные и графические работы Марка Шагала, а также произведения Натана Альтмана и Григория Ингера. Всех авторов объединяет тема детства, проведенного в еврейских местечках и ставшего позднее основой для модернистских экспериментов. По выставке проводятся сборные экскурсии для детей и взрослых, которые помогут погрузиться в поэтику Шагала, в волшебный мир его витебского детства, а также узнать больше о его биографии и работах. При покупке билета выдается путеводитель для самостоятельного ознакомления с экспозицией. Кураторы: Ира Дворецкая, Мария Гадас При поддержке Партнер «Король Лир» Соломона Михоэлса. Постскриптум к 90-летию великого спектакля .30.03.26-17.08.26 500 ₽ За нами Москва. К 85-летию обороны Москвы .20.04.26-24.08.26 Под маской титульного листа: выставка книг из собрания",национальное российское искусство
Jewish Museum and Tolerance Center,О ЧЕМ РАССКАЗЫВАЮТ КНИГИ: ВЛАДЕЛЬЧЕСКИЕ ЗАПИСИ. ИЗ СОБРАНИЯ БИБЛИОТЕКИ МУЗЕЯ,,2026,post_2022,https://www.jewish-museum.ru/exhibitions/o-chem-rasskazyvayut-knigi-vladelcheskie-zapisi-iz-sobraniya-biblioteki-muzeya/,"Место проведения: Библиотека Исследовательского центра Возраст: 12+ В Выставка продлена до 12 декабря В читальном зале Библиотеки Музея проходит выставка старинных и редких книг с владельческими надписями. На выставке представлены религиозные и светские еврейские книги, изданные в — начале вв. в Российской и Австрийской империях. На страницах изданий сохранились уникальные записи, сделанные людьми, владевшими книгами десятилетия и столетия назад. Выставка является частью совместного проекта «О чем рассказывают книги: владельческие записи» Библиотеки Музея и Библиотеки Шнеерсонов (Центра восточной литературы в Еврейском музее и центре толерантности). Вторая часть проходит в читальном зале Библиотеки Шнеерсонов. * Вход на выставку бесплатный. Наши библиотекари с удовольствием расскажут вам об экспонатах и ответят на вопросы. Из собрания библиотеки Еврейского музея и центра толерантности. «О чем рассказывают книги: владельческие записи. Из собрания Библиотеки Шнеерсона» «Король Лир» Соломона Михоэлса. Постскриптум к 90-летию великого спектакля .30.03.26-17.08.26 500 ₽ За нами Москва. К 85-летию обороны Москвы .20.04.26-24.08.26 Под маской титульного листа: выставка книг из собрания библиотеки Шнеерсонов .24.06.26-03.10.26 Мы преодолеем. We Shall Overcome .26.06.26-18.07.26 Назад Вперед 2026 2025 2024 2023 2022 2021 2020 2019 2018 2017 2016 2015 2014 2013 И Даю согласие на обработку своих персональных данных в соответствии с политикой обработки персональных данных Используется технология Yandex SmartCaptcha",западное искусство
Jewish Museum and Tolerance Center,О ЧЕМ РАССКАЗЫВАЮТ КНИГИ: ВЛАДЕЛЬЧЕСКИЕ ЗАПИСИ. ИЗ СОБРАНИЯ БИБЛИОТЕКИ ШНЕЕРСОНА,5 ноября 2024,2024,post_2022,https://www.jewish-museum.ru/exhibitions/o-chem-rasskazyvayut-knigi-vladelcheskie-zapisi-iz-sobraniya-biblioteki-shneersona/,"Место проведения: Библиотека Шнеерсона Возраст: 12+ В С 1 сентября по 5 ноября 2024 года Библиотека Шнеерсона приглашает вас на выставку «О чем рассказывают книги: владельческие записи». В экспозиции представлены книги с владельческими записями, которые сохранили истории целых семей, живших несколько столетий назад. Уникальная атмосфера прошлых лет позволяет зрителям взглянуть на жизнь еврейских семей в - веков и увидеть редкие сохранившиеся книжные издания. Это совместный проект Центра восточной литературы Российской государственной библиотеки и библиотеки Исследовательского центра Еврейского музея и центра толерантности. На выставке представлены книги из собрания двух библиотек, и посетители смогут ознакомиться и с другими изданиями редких и старинных книг с владельческими записями на разных языках. * Проход на выставку бесплатный. А библиотекари с удовольствием расскажут вам об экспонатах и ответят на вопросы. «О чем рассказывают книги: владельческие записи. Из собрания Библиотеки Музея» «Король Лир» Соломона Михоэлса. Постскриптум к 90-летию великого спектакля .30.03.26-17.08.26 500 ₽ За нами Москва. К 85-летию обороны Москвы .20.04.26-24.08.26 Под маской титульного листа: выставка книг из собрания библиотеки Шнеерсонов .24.06.26-03.10.26 Мы преодолеем. We Shall Overcome .26.06.26-18.07.26 Назад Вперед 2026 2025 2024 2023 2022 2021 2020 2019 2018 2017 2016 2015 2014 2013 И Даю согласие на обработку своих персональных данных в соответствии с политикой обработки персональных данных Используется технология Yandex SmartCaptcha",восточное искусство
Jewish Museum and Tolerance Center,ИСТОКИ СОВЕТСКОЙ ФОТОГРАФИИ. 1920–1930-Е ГОДЫ. ИЗ КОЛЛЕКЦИИ ГАЛЕРЕИ ЛЮМЬЕР,29 сентября 2024,2024,post_2022,https://www.jewish-museum.ru/exhibitions/istoki-sovetskoy-fotografii-1920-e-1930-e-gody-iz-kollektsii-galerei-lyumer/,"Для музея фотография всегда была одним из приоритетных направлений: работы известных мастеров участвовали как в больших тематических проектах, так и в монографических выставках. Важным направлением выставочной деятельности музея является изучение искусства авангарда, в котором фотография занимает одно из важнейших мест. Центральным событием первого фестиваля, который пройдет с 5 июля по 29 сентября 2024 года, станет выставка «Истоки советской фотографии. 1920–1930-е годы» из коллекции Галереи Люмьер. В это время стремительно развивалась репортажная фотосъемка: фотокорреспонденты становились главным рупором перемен. Выставочный проект объединяет знаменитые и малоизвестные кадры классиков фоторепортажа: Аркадия Шайхета, Якова Халипа, Марка Маркова-Гринберга, Эммануила Евзерихина, Михаила Прехнера, Наума Грановского. Их работы для ведущих официальных газет и журналов формировали образ первого в мире социалистического государства. Выставка состоит из шести монографических разделов, раскрывающих творчество каждого фотографа посредством серий и фотоочерков — ведущей жанровой формы советской фотожурналистики середины 1930-х годов. Ставшие хрестоматийными кадры посвящены ярким историческим событиям из жизни страны (встреча челюскинцев в объективе Марка Маркова-Гринберга, спасение героев-папанинцев с арктической станции «Северный полюс–1» в работах Якова Халипа), быту города и деревни (Аркадий Шайхет), сельскому хозяйству и производству (Марк Марков-Гринберг), меняю",национальное российское искусство
Jewish Museum and Tolerance Center,"ЗДЕСЬ НЕТ НИ ОДНОЙ ПЕРСОНАЛЬНОЙ СУДЬБЫ, ВСЕ СУДЬБЫ В ЕДИНУЮ СЛИТЫ. ЛЮДИ НА ВЕЛИКОЙ ОТЕЧЕСТВЕННОЙ ВОЙНЕ",4 августа 2024,2024,post_2022,https://www.jewish-museum.ru/exhibitions/zdes-net-ni-odnoy-personalnoy-sudby-vse-sudby-v-edinuyu-slity-lyudi-na-velikoy-otechestvennoy-voyne/,"События 1941–1945 годов будут представлены в экспозиции сквозь призму истории и судеб отдельных людей, которые столкнулись с суровыми испытаниями и внесли неоценимый вклад в коллективный подвиг страны. Возраст: 18+ В С 7 мая по 4 августа 2024 года в Еврейском музее и центре толерантности пройдет выставка, посвященная советским евреям, участвовавшим в Великой Отечественной войне. События 1941–1945 годов будут представлены в экспозиции сквозь призму истории и судеб отдельных людей, которые столкнулись с суровыми испытаниями и внесли неоценимый вклад в коллективный подвиг страны. В мультимедийной экспозиции будут представлены уникальные архивные материалы: аудиоверсии дневников военного времени, видеохроника и фотографии. Большое внимание кураторы уделили общей организации выставочного пространства и созданию среды, помогающей зрителю лучше воспринимать и понимать предмет выставки. В годы Великой Отечественной войны свыше 400 тысяч евреев служили в Красной армии и военно-морском флоте. Одни закончили войну прославленными военачальниками или героями, другие остались рядовыми великой войны, но все они внесли вклад в победу. На выставке демонстрируются дневники, стенограммы бесед, письма военного времени, которые призваны показать личный вклад каждого человека на пути к победе. Выставку откроет раздел, посвященный обороне Москвы и боям лета — осени 1941 года. Отдельная глава рассказывает историю формирования народного ополчения и трагическую судьбу писательской роты, значительную часть которой составляли евреи, ушедшие на фронт добровольцами. Военные корреспонденты были участниками всех крупных сражений, они снимали солдат во время боя и короткого отдыха, описывали ужасы войны и подвиги героев. На выставке зритель сможет оценить значение их работы для победы и сохранения памяти. Выставка расскажет об Илье Эренбурге, Василии Гроссмане, Михаиле Розенфельде, Джеке Алтаузене и других. Уникальный раздел экспозиции — фотоархив Евгения Халдея, который ранее не демонстрировался в России. Архив одного из главных фотографов Великой Отечественной находится в собрании Александра Бородулина, которому коллекци",восточное искусство
Jewish Museum and Tolerance Center,МИНИАТЮРНЫЕ ИЗДАНИЯ В КОЛЛЕКЦИИ СЕМЬИ ШНЕЕРСОНОВ,,2026,post_2022,https://www.jewish-museum.ru/exhibitions/miniatyurnye-izdaniya-v-kollektsii-semi-shneersonov/,"В Миниатюрные издания появились ещё до нашей эры, но особую популярность приобрели только в Средние века. До изобретения книгопечатания их писали и раскрашивали вручную. Создание миниатюры — это кропотливый труд, поэтому такие издания высоко ценились. Как правило, в карманном формате были представлены религиозные тексты. Люди читали несколько раз в день молитвенник, который гораздо удобнее держать под рукой в миниатюрной версии. После изобретения книгопечатания издания карманного формата стали доступнее. Однако традиция печатать религиозную литературу в миниатюре сохранилась, в том числе и в еврейском обществе. На выставке посетители библиотеки смогут увидеть карманный сефардский молитвенник (1740) и Танах (1699). На выставке представлено уместившееся в крошечной книге лейденское издание всех трех частей Танаха (Тора, Ктувим и Невиим), вышедшее в 1610 году. Представляет интерес и книга известного еврейского поэта Авраама Ибн Хасдая «Бен га-мелех ве-га-назир», изданная в Гамбурге в 1727 году. Это произведение — еврейская переработка утраченной арабской версии индийской сказки, в основе которой лежит житие Будды. Посетители также увидят по-настоящему уникальный экземпляр — «Мизморей тегилим», изданный в Вильне в 1877 году. Это единственная книга из коллекции Шнеерсонов в альбомном формате. «Король Лир» Соломона Михоэлса. Постскриптум к 90-летию великого спектакля .30.03.26-17.08.26 500 ₽ За нами Москва. К 85-летию обороны Москвы .20.04.26-24.08.26 Под маской титульного листа: выставка книг из собрания библиотеки Шнеерсонов .24.06.26-03.10.26 Мы преодолеем. We Shall Overcome .26.06.26-18.07.26 Назад Вперед 2026 2025 2024 2023 2022 2021 2020 2019 2018 2017 2016 2015 2014 2013 И Даю согласие на обработку своих персональных данных в соответствии с политикой обработки персональных данных Используется технология Yandex S",западное искусство
Jewish Museum and Tolerance Center,МЫ ПРЕОДОЛЕЕМ. WE SHALL OVERCOME,,2026,post_2022,https://www.jewish-museum.ru/exhibitions/my-preodoleem-we-shall-overcome/,"Чернышева, Андрея Soul, +Sinyslav, Елену Орлову, Ульяну Чехову и других. Проект рассматривает стигму не как социальный ярлык, а как опыт «частичной видимости» — состояние, в котором человек вынужден скрывать часть себя и заново выстраивать связь с собственным опытом. Пространство выставки разделено на пять смысловых зон: «Память», «Тело», «Взгляд», «Тишина» и «Присутствие». Перетекая друг в друга, они формируют единое поле, через которое зритель проходит путь принятия и сохранения связи с миром. Название выставки отсылает к известному гимну солидарности, однако кураторы переосмысливают понятие «преодоления»: здесь это не триумфальная победа, а тихая попытка удержаться и не исчезнуть. «Эта выставка завершает трилогию выставок Фонда ""."" о стигме. Для нас было важно показать, что стигма меняет форму: она встроена в язык, семью, культуру и медицинскую коммуникацию. Эта выставка особенная тем, что она завершает цикл, но не закрывает тему. Она собирает разные состояния и показывает преодоление как попытку удержаться, сохранить связь с собой и остаться видимым для других», — отмечает Доржу Бальчир, куратор выставки, креативный менеджер Фонда «.». Кураторы проекта — Доржу Бальчир и Олеся Шаронина. : 9, 14, 16 июля | 19:00 | Кураторская экскурсия На экскурсии кураторы выставки расскажут о замысле проекта, логике экспозиции и работах художников, которые обращаются к темам стигмы, уязвимости, памяти, телесности и права человека быть увиденным. 12 июля | 18:00 | Паблик-ток «Репрезентация в искусстве» Разговор о том, как искусство работает с темами , уязвимости, стигмы, видимости и права человека быть представленным без редукции к диагнозу. 13 июля | 19:00 | Лекция Полины Мельниковой « в массовой культуре» Лекция посвящена тому, как появлялся и продолжает появляться в кино, музыке, литературе, медиа и публичной культуре: через страх, стигму, активизм, телесность, память и опыт людей",восточное искусство
